ID,Name,Gene Name,GenBank Protein ID,GenBank Gene ID,UniProt ID,Uniprot Title,PDB ID,GeneCard ID,GenAtlas ID,HGNC ID,Species,Drug IDs
4,Coagulation factor XIII A chain,F13A1,182309,M22001,P00488,F13A_HUMAN,1EVU; 1EX0; 1F13; 1FIE; 1GGT; 1GGU; 1GGY; 1QRK; 4KTY,,F13A1,HGNC:3531,Humans,DB11300; DB11311; DB11571; DB13151
12,Voltage-dependent T-type calcium channel subunit alpha-1I,CACNA1I,5565888,AF129133,Q9P0X4,CAC1I_HUMAN,"",,CACNA1I,HGNC:1396,Humans,DB14009
13,Adenosine receptor A1,ADORA1,256155,S45235,P30542,AA1R_HUMAN,"",,ADORA1,HGNC:262,Humans,DB04932
15,High affinity immunoglobulin epsilon receptor subunit alpha,FCER1A,31318,X06948,P12319,FCERA_HUMAN,1ALS; 1ALT; 1F2Q; 1F6A; 1J86; 1J87; 1J88; 1J89; 1RPQ; 2Y7Q,,FCER1A,HGNC:3609,Humans,DB00043; DB05797
16,Coagulation factor VIII,F8,182818,M14113,P00451,FA8_HUMAN,1CFG; 1D7P; 1FAC; 1IQD; 2R7E; 3CDZ; 3HNB; 3HNY; 3HOB; 3J2Q; 3J2S; 4BDV; 4KI5; 4PT6,,F8,HGNC:3546,Humans,DB00055; DB00100; DB06050; DB11300; DB11312; DB11571; DB11572; DB12872; DB13133; DB13151; DB13152; DB13933; DB14700
17,Prostaglandin G/H synthase 1,PTGS1,387018,M31822,P23219,PGH1_HUMAN,"",,PTGS1,HGNC:9604,Humans,DB14009
23,Vascular endothelial growth factor receptor 3,FLT4,297050,X69878,P35916,VGFR3_HUMAN,4BSJ; 4BSK,,FLT4,HGNC:3767,Humans,DB06101
25,Collagen alpha-1(I) chain,COL1A1,1418928,Z74615,P02452,CO1A1_HUMAN,1Q7D; 2LLP; 3EJH; 3GXE,,COL1A1,HGNC:2197,Humans,DB00048; DB11338; DB12872; DB13133
29,Vascular endothelial growth factor receptor 1,FLT1,31432,X51602,P17948,VGFR1_HUMAN,1FLT; 1QSV; 1QSZ; 1QTY; 1RV6; 2XAC; 3HNG; 4CKV; 4CL7,,FLT1,HGNC:3763,Humans,DB06101; DB10770
33,Insulin receptor,INSR,307070,M10051,P06213,INSR_HUMAN,1GAG; 1I44; 1IR3; 1IRK; 1P14; 1RQQ; 2AUH; 2B4S; 2DTG; 2HR7; 2MFR; 2Z8C; 3BU3; 3BU5; 3BU6; 3EKK; 3EKN; 3ETA; 3LOH; 3W11; 3W12; 3W13; 3W14; 4IBM; 4OGA; 4XLV; 4XSS; 4XST; 5E1S,,INSR,HGNC:6091,Humans,DB00030; DB00046; DB00047; DB00071; DB01277; DB01306; DB01307; DB01309; DB09564; DB14751
36,RAF proto-oncogene serine/threonine-protein kinase,RAF1,35842,X03484,P04049,RAF1_HUMAN,1C1Y; 1FAQ; 1FAR; 1GUA; 1RFA; 3CU8; 3IQJ; 3IQU; 3IQV; 3KUC; 3KUD; 3NKX; 3O8I; 3OMV; 4FJ3; 4G0N; 4G3X; 4IEA; 4IHL,,RAF1,HGNC:9829,Humans,DB04973
41,Coagulation factor V,F5,182412,M16967,P12259,FA5_HUMAN,1CZS; 1CZT; 1CZV; 1FV4; 1Y61; 3P6Z; 3P70; 3S9C,,F5,HGNC:3542,Humans,DB00055; DB05777; DB11300; DB11312; DB11571; DB11572; DB13149; DB13151
48,Prothrombin,F2,339641,M17262,P00734,THRB_HUMAN,1A2C; 1A3B; 1A3E; 1A46; 1A4W; 1A5G; 1A61; 1ABI; 1ABJ; 1AD8; 1AE8; 1AFE; 1AHT; 1AI8; 1AIX; 1AWF; 1AWH; 1AY6; 1B5G; 1B7X; 1BA8; 1BB0; 1BCU; 1BHX; 1BMM; 1BMN; 1BTH; 1C1U; 1C1V; 1C1W; 1C4U; 1C4V; 1C4Y; 1C5L; 1C5N; 1C5O; 1CA8; 1D3D; 1D3P; 1D3Q; 1D3T; 1D4P; 1D6W; 1D9I; 1DE7; 1DIT; 1DM4; 1DOJ; 1DWB; 1DWC; 1DWD; 1DWE; 1DX5; 1E0F; 1EB1; 1EOJ; 1EOL; 1FPC; 1FPH; 1G30; 1G32; 1G37; 1GHV; 1GHW; 1GHX; 1GHY; 1GJ4; 1GJ5; 1H8D; 1H8I; 1HAG; 1HAH; 1HAI; 1HAO; 1HAP; 1HBT; 1HDT; 1HGT; 1HLT; 1HUT; 1HXE; 1HXF; 1IHS; 1IHT; 1JMO; 1JOU; 1JWT; 1K21; 1K22; 1KTS; 1KTT; 1LHC; 1LHD; 1LHE; 1LHF; 1LHG; 1MH0; 1MU6; 1MU8; 1MUE; 1NM6; 1NO9; 1NRN; 1NRO; 1NRP; 1NRQ; 1NRR; 1NRS; 1NT1; 1NU7; 1NU9; 1NY2; 1NZQ; 1O0D; 1O2G; 1O5G; 1OOK; 1OYT; 1P8V; 1PPB; 1QBV; 1QHR; 1QJ1; 1QJ6; 1QJ7; 1QUR; 1RD3; 1RIW; 1SB1; 1SFQ; 1SG8; 1SGI; 1SHH; 1SL3; 1SR5; 1T4U; 1T4V; 1TA2; 1TA6; 1TB6; 1TBZ; 1THP; 1THR; 1THS; 1TMB; 1TMT; 1TMU; 1TOM; 1TQ0; 1TQ7; 1TWX; 1UMA; 1UVS; 1VR1; 1VZQ; 1W7G; 1WAY; 1WBG; 1XM1; 1XMN; 1YPE; 1YPG; 1YPJ; 1YPK; 1YPL; 1YPM; 1Z71; 1Z8I; 1Z8J; 1ZGI; 1ZGV; 1ZRB; 2A0Q; 2A2X; 2A45; 2AFQ; 2ANK; 2ANM; 2B5T; 2BDY; 2BVR; 2BVS; 2BVX; 2BXT; 2BXU; 2C8W; 2C8X; 2C8Y; 2C8Z; 2C90; 2C93; 2CF8; 2CF9; 2CN0; 2FEQ; 2FES; 2GDE; 2GP9; 2H9T; 2HGT; 2HNT; 2HPP; 2HPQ; 2HWL; 2JH0; 2JH5; 2JH6; 2OD3; 2PGB; 2PGQ; 2PKS; 2PW8; 2R2M; 2THF; 2UUF; 2UUJ; 2UUK; 2V3H; 2V3O; 2ZC9; 2ZDA; 2ZDV; 2ZF0; 2ZFF; 2ZFP; 2ZFQ; 2ZFR; 2ZG0; 2ZGB; 2ZGX; 2ZHE; 2ZHF; 2ZHQ; 2ZHW; 2ZI2; 2ZIQ; 2ZNK; 2ZO3; 3B23; 3B9F; 3BEF; 3BEI; 3BF6; 3BIU; 3BIV; 3BV9; 3C1K; 3C27; 3D49; 3DA9; 3DD2; 3DHK; 3DT0; 3DUX; 3E6P; 3EE0; 3EGK; 3EQ0; 3F68; 3GIC; 3GIS; 3HAT; 3HKJ; 3HTC; 3JZ1; 3JZ2; 3K65; 3LDX; 3LU9; 3NXP; 3P17; 3P6Z; 3P70; 3PMH; 3PO1; 3QDZ; 3QGN; 3QLP; 3QTO; 3QTV; 3QWC; 3QX5; 3R3G; 3RLW; 3RLY; 3RM0; 3RM2; 3RML; 3RMM; 3RMN; 3RMO; 3S7H; 3S7K; 3SHA; 3SHC; 3SI3; 3SI4; 3SQE; 3SQH; 3SV2; 3T5F; 3TU7; 3U69; 3U8O; 3U8R; 3U8T; 3U98; 3U9A; 3UTU; 3UWJ; 3VXE; 3VXF; 4AX9; 4AYV; 4AYY; 4AZ2; 4BAH; 4BAK; 4BAM; 4BAN; 4BAO; 4BAQ; 4BOH; 4CH2; 4CH8; 4DIH; 4DII; 4DT7; 4DY7; 4E05; 4E06; 4E7R; 4H6S; 4H6T; 4HFP; 4HTC; 4HZH; 4I7Y; 4LOY; 4LXB; 4LZ1; 4LZ4; 4MLF; 4N3L; 4NZE; 4NZQ; 4O03; 4RKJ; 4RKO; 4RN6; 4THN; 4UD9; 4UDW; 4UE7; 4UEH; 4YES; 5AF9; 5AFY; 5AFZ; 5AHG; 5E8E; 5GDS; 7KME; 8KME,,F2,HGNC:3535,Humans,DB00001; DB00055; DB00100; DB05777; DB06404; DB09109; DB09228; DB11166; DB13151; DB13152; DB14738
58,Matrix metalloproteinase-9,MMP9,177205,J05070,P14780,MMP9_HUMAN,1GKC; 1GKD; 1ITV; 1L6J; 1LKG; 2OVX; 2OVZ; 2OW0; 2OW1; 2OW2; 4H1Q; 4H2E; 4H3X; 4H82; 4HMA; 4JIJ; 4JQG; 4WZV; 4XCT,,MMP9,HGNC:7176,Humans,DB06423
61,Cannabinoid receptor 1,CNR1,29915,X54937,P21554,CNR1_HUMAN,1LVQ; 1LVR; 2B0Y; 2KOE,,CNR1,HGNC:2159,Humans,DB14009
62,Type-1 angiotensin II receptor,AGTR1,179122,M91464,P30556,AGTR1_HUMAN,1ZV0; 4YAY; 4ZUD,,AGTR1,HGNC:336,Humans,DB05739
66,B-lymphocyte antigen CD20,MS4A1,29774,X12530,P11836,CD20_HUMAN,1S8B; 2OSL; 3BKY; 3PP4,,MS4A1,HGNC:7315,Humans,DB00073; DB00078; DB00081; DB06650; DB08935; DB11988
69,"Acetyl-CoA acetyltransferase, mitochondrial",ACAT1,219918,D90228,P24752,THIL_HUMAN,2F2S; 2IB7; 2IB8; 2IB9; 2IBU; 2IBW; 2IBY,,ACAT1,HGNC:93,Humans,DB14009
70,Group 10 secretory phospholipase A2,PLA2G10,2289237,U95301,O15496,PA2GX_HUMAN,1LE6; 1LE7; 4UY1,,PLA2G10,HGNC:9029,Humans,DB13893; DB13894
71,Peroxisome proliferator-activated receptor alpha,PPARA,307341,L02932,Q07869,PPARA_HUMAN,1I7G; 1K7L; 1KKQ; 2NPA; 2P54; 2REW; 2ZNN; 3ET1; 3FEI; 3G8I; 3KDT; 3KDU; 3SP6; 3VI8; 4BCR; 4CI4,,PPARA,HGNC:9232,Humans,DB09422; DB13961
75,Growth hormone receptor,GHR,31738,X06562,P10912,GHR_HUMAN,1A22; 1AXI; 1HWG; 1HWH; 1KF9; 2AEW; 3HHR,,GHR,HGNC:4263,Humans,DB00052; DB00082; DB09098
83,CAMPATH-1 antigen,CD52,29646,X62466,P31358,CD52_HUMAN,"",,CD52,HGNC:1804,Humans,DB00087
95,Cannabinoid receptor 2,CNR2,407807,X74328,P34972,CNR2_HUMAN,2KI9,,CNR2,HGNC:2160,Humans,DB14009
107,Carcinoembryonic antigen-related cell adhesion molecule 1,CEACAM1,179440,J03858,P13688,CEAM1_HUMAN,2GK2; 4QXW; 4WHD; 5DZL,,CEACAM1,HGNC:1814,Humans,DB00113
118,Synaptic vesicular amine transporter,SLC18A2,292335,L09118,Q05940,VMAT2_HUMAN,"",,SLC18A2,HGNC:10935,Humans,DB01363
134,Lutropin-choriogonadotropic hormone receptor,LHCGR,903746,M73746,P22888,LSHR_HUMAN,1LUT; 1XUL,,LHCGR,HGNC:6585,Humans,DB00032; DB00044; DB00097; DB06719; DB09126
143,Tubulin beta chain,TUBB,338695,J00314,P07437,TBB5_HUMAN,3QNZ; 3QO0,,TUBB,HGNC:20778,Humans,DB11731
163,Vascular endothelial growth factor A,VEGFA,181971,M32977,P15692,VEGFA_HUMAN,1BJ1; 1CZ8; 1FLT; 1KAT; 1KMX; 1MJV; 1MKG; 1MKK; 1QTY; 1TZH; 1TZI; 1VGH; 1VPF; 1VPP; 2FJG; 2FJH; 2QR0; 2VGH; 2VPF; 3BDY; 3P9W; 3QTK; 3S1B; 3S1K; 3V2A; 4DEQ; 4GLN; 4GLS; 4KZN; 4QAF; 4WPB; 4ZFF,,VEGF,HGNC:12680,Humans,DB00112; DB01270; DB06642; DB08885; DB10772; DB14864
172,Beta-1 adrenergic receptor,ADRB1,178200,J03019,P08588,ADRB1_HUMAN,2LSQ,,ADRB1,HGNC:285,Humans,DB01363
183,B-cell receptor CD22,CD22,36091,X59350,P20273,CD22_HUMAN,"",,CD22,HGNC:1643,Humans,DB04958; DB05889; DB12688
203,Gonadotropin-releasing hormone receptor,GNRHR,183422,L03380,P30968,GNRHR_HUMAN,"",,GNRHR,HGNC:4421,Humans,DB06719
205,Platelet-derived growth factor receptor beta,PDGFRB,189732,J03278,P09619,PGFRB_HUMAN,1GQ5; 1H9O; 1LWP; 1SHA; 2L6W; 2PLD; 2PLE; 3MJG,,PDGFRB,HGNC:8804,Humans,DB00102; DB10770
211,Plasminogen,PLG,387026,X05199,P00747,PLMN_HUMAN,1B2I; 1BML; 1BUI; 1CEA; 1CEB; 1DDJ; 1HPJ; 1HPK; 1I5K; 1KI0; 1KRN; 1L4D; 1L4Z; 1PK4; 1PKR; 1PMK; 1QRZ; 1RJX; 2DOH; 2DOI; 2KNF; 2L0S; 2PK4; 3UIR; 4A5T; 4CIK; 4DCB; 4DUR; 4DUU; 5HPG,,PLG,HGNC:9071,Humans,DB00009; DB00013; DB00015; DB00029; DB00031; DB00086; DB04925; DB06692
215,Peroxisome proliferator-activated receptor gamma,PPARG,1711117,U79012,P37231,PPARG_HUMAN,1FM6; 1FM9; 1I7I; 1K74; 1KNU; 1NYX; 1PRG; 1RDT; 1WM0; 1ZEO; 1ZGY; 2ATH; 2F4B; 2FVJ; 2G0G; 2G0H; 2GTK; 2HFP; 2HWQ; 2HWR; 2I4J; 2I4P; 2I4Z; 2OM9; 2P4Y; 2POB; 2PRG; 2Q59; 2Q5P; 2Q5S; 2Q61; 2Q6R; 2Q6S; 2Q8S; 2QMV; 2VSR; 2VST; 2VV0; 2VV1; 2VV2; 2VV3; 2VV4; 2XKW; 2YFE; 2ZK0; 2ZK1; 2ZK2; 2ZK3; 2ZK4; 2ZK5; 2ZK6; 2ZNO; 2ZVT; 3ADS; 3ADT; 3ADU; 3ADV; 3ADW; 3ADX; 3AN3; 3AN4; 3B0Q; 3B0R; 3B1M; 3B3K; 3BC5; 3CDP; 3CDS; 3CS8; 3CWD; 3D6D; 3DZU; 3DZY; 3E00; 3ET0; 3ET3; 3FEJ; 3FUR; 3G9E; 3GBK; 3H0A; 3HO0; 3HOD; 3IA6; 3K8S; 3KMG; 3LMP; 3NOA; 3OSI; 3OSW; 3PBA; 3PO9; 3PRG; 3QT0; 3R5N; 3R8A; 3R8I; 3S9S; 3SZ1; 3T03; 3TY0; 3U9Q; 3V9T; 3V9V; 3V9Y; 3VJH; 3VJI; 3VN2; 3VSO; 3VSP; 3WJ4; 3WJ5; 3WMH; 3X1H; 3X1I; 4A4V; 4A4W; 4CI5; 4E4K; 4E4Q; 4EM9; 4EMA; 4F9M; 4FGY; 4HEE; 4JAZ; 4JL4; 4L96; 4L98; 4O8F; 4OJ4; 4PRG; 4PVU; 4PWL; 4R2U; 4R6S; 4XLD; 4XTA; 4XUM; 4Y29,,PPARG,HGNC:9236,Humans,DB13961; DB14009
216,Coagulation factor X,F10,182841,K03194,P00742,FA10_HUMAN,1C5M; 1EZQ; 1F0R; 1F0S; 1FAX; 1FJS; 1FXY; 1G2L; 1G2M; 1HCG; 1IOE; 1IQE; 1IQF; 1IQG; 1IQH; 1IQI; 1IQJ; 1IQK; 1IQL; 1IQM; 1IQN; 1KSN; 1LPG; 1LPK; 1LPZ; 1LQD; 1MQ5; 1MQ6; 1MSX; 1NFU; 1NFW; 1NFX; 1NFY; 1NL8; 1P0S; 1V3X; 1WU1; 1XKA; 1XKB; 1Z6E; 2BMG; 2BOH; 2BOK; 2BQ6; 2BQ7; 2BQW; 2CJI; 2D1J; 2EI6; 2EI7; 2EI8; 2FZZ; 2G00; 2GD4; 2H9E; 2J2U; 2J34; 2J38; 2J4I; 2J94; 2J95; 2JKH; 2P16; 2P3F; 2P3T; 2P3U; 2P93; 2P94; 2P95; 2PHB; 2PR3; 2Q1J; 2RA0; 2UWL; 2UWO; 2UWP; 2VH0; 2VH6; 2VVC; 2VVU; 2VVV; 2VWL; 2VWM; 2VWN; 2VWO; 2W26; 2W3I; 2W3K; 2WYG; 2WYJ; 2XBV; 2XBW; 2XBX; 2XBY; 2XC0; 2XC4; 2XC5; 2Y5F; 2Y5G; 2Y5H; 2Y7X; 2Y7Z; 2Y80; 2Y81; 2Y82; 3CEN; 3CS7; 3ENS; 3FFG; 3HPT; 3IIT; 3K9X; 3KL6; 3KQB; 3KQC; 3KQD; 3KQE; 3LIW; 3M36; 3M37; 3Q3K; 3SW2; 3TK5; 3TK6; 4A7I; 4BTI; 4BTT; 4BTU; 4Y6D; 4Y71; 4Y76; 4Y79; 4Y7A; 4Y7B,,F10,HGNC:3528,Humans,DB00025; DB00036; DB00100; DB06245; DB06552; DB09109; DB09141; DB11166; DB13149; DB13150; DB13151; DB13152; DB13192; DB13884; DB13923; DB13933; DB13998; DB13999; DB14738
240,Plasminogen activator inhibitor 1,SERPINE1,35272,X04429,P05121,PAI1_HUMAN,1A7C; 1B3K; 1C5G; 1DB2; 1DVM; 1DVN; 1LJ5; 1OC0; 3CVM; 3EOX; 3PB1; 3Q02; 3Q03; 3R4L; 3UT3; 4AQH; 4G8O; 4G8R; 4IC0; 5BRR; 9PAI,,SERPINE1,HGNC:8583,Humans,DB00009; DB00013; DB00015; DB00029; DB00031; DB00055; DB05254
241,Adenosine receptor A2b,ADORA2B,178150,M97759,P29275,AA2BR_HUMAN,"",,ADORA2B,HGNC:264,Humans,DB04932
262,Prostaglandin G/H synthase 2,PTGS2,291988,L15326,P35354,PGH2_HUMAN,1V0X,,PTGS2,HGNC:9605,Humans,DB13961; DB14009
274,T-cell surface glycoprotein CD3 epsilon chain,CD3E,469945,X03884,P07766,CD3E_HUMAN,1A81; 1SY6; 1XIW; 2ROL,,CD3E,HGNC:1674,Humans,DB00075; DB06607
280,Antithrombin-III,SERPINC1,179161,M21642,P01008,ANT3_HUMAN,1ANT; 1ATH; 1AZX; 1BR8; 1DZG; 1DZH; 1E03; 1E04; 1E05; 1JVQ; 1LK6; 1NQ9; 1OYH; 1R1L; 1SR5; 1T1F; 1TB6; 2ANT; 2B4X; 2B5T; 2BEH; 2GD4; 2HIJ; 2ZNH; 3EVJ; 3KCG; 4EB1,,SERPINC1,HGNC:775,Humans,DB06271; DB09141; DB11598
289,Alpha-2A adrenergic receptor,ADRA2A,178196,M23533,P08913,ADA2A_HUMAN,1HLL; 1HO9; 1HOD; 1HOF,,ADRA2A,HGNC:281,Humans,DB01363
291,5-hydroxytryptamine receptor 1A,HTR1A,189928,M28269,P08908,5HT1A_HUMAN,"",,HTR1A,HGNC:5286,Humans,DB14009
308,DNA polymerase catalytic subunit,,59530,X14112,P04293,DPOL_HHV11,"",,,,HHV-1,DB13896
315,Thyroid hormone receptor beta,THRB,31207,X04707,P10828,THB_HUMAN,1BSX; 1N46; 1NAX; 1NQ0; 1NQ1; 1NQ2; 1NUO; 1Q4X; 1R6G; 1XZX; 1Y0X; 2J4A; 2NLL; 2PIN; 3D57; 3GWS; 3IMY; 3JZC; 4ZO1,,THRB,HGNC:11799,Humans,DB09100
318,Secretin receptor,SCTR,662796,U20178,P47872,SCTR_HUMAN,"",,SCTR,HGNC:10608,Humans,DB09532
333,Coagulation factor VII,F7,182801,M13232,P08709,FA7_HUMAN,1BF9; 1CVW; 1DAN; 1DVA; 1F7E; 1F7M; 1FAK; 1FF7; 1FFM; 1J9C; 1JBU; 1KLI; 1KLJ; 1NL8; 1O5D; 1QFK; 1W0Y; 1W2K; 1W7X; 1W8B; 1WQV; 1WSS; 1WTG; 1WUN; 1WV7; 1YGC; 1Z6J; 2A2Q; 2AEI; 2AER; 2B7D; 2B8O; 2BZ6; 2C4F; 2EC9; 2F9B; 2FIR; 2FLB; 2FLR; 2PUQ; 2ZP0; 2ZWL; 2ZZU; 3ELA; 3TH2; 3TH3; 3TH4; 4IBL; 4ISH; 4ISI; 4JYU; 4JYV; 4JZD; 4JZE; 4JZF; 4NA9; 4NG9; 4NGA; 4X8S; 4X8T; 4X8U; 4X8V; 4YT6; 4YT7; 4ZXX; 4ZXY,,F7,HGNC:3544,Humans,DB00036; DB00100; DB06552; DB13151; DB13152; DB13933
342,Alpha-2C adrenergic receptor,ADRA2C,178194,J03853,P18825,ADA2C_HUMAN,"",,ADRA2C,HGNC:283,Humans,DB01363
344,"Steroid 17-alpha-hydroxylase/17,20 lyase",CYP17A1,181342,M14564,P05093,CP17A_HUMAN,2C17; 3RUK; 3SWZ; 4NKV; 4NKW; 4NKX; 4NKY; 4NKZ,,CYP17A1,HGNC:2593,Humans,DB14009
345,Prolactin receptor,PRLR,190362,M31661,P16471,PRLR_HUMAN,1BP3; 2LFG; 3D48; 3MZG; 3N06; 3N0P; 3NCB; 3NCC; 3NCE; 3NCF; 4I18,,PRLR,HGNC:9446,Humans,DB00052
364,Coagulation factor IX,F9,182609,K02402,P00740,FA9_HUMAN,1CFH; 1CFI; 1EDM; 1IXA; 1MGX; 1NL0; 1RFN; 2WPH; 2WPI; 2WPJ; 2WPK; 2WPL; 2WPM; 3KCG; 3LC3; 3LC5; 4WM0; 4WMA; 4WMB; 4WMI; 4WMK; 4WN2; 4WNH; 4YZU; 4Z0K; 4ZAE; 5EGM,,F9,HGNC:3551,Humans,DB00025; DB09109; DB13150; DB13192; DB13923; DB13998; DB13999; DB14738
369,Vascular endothelial growth factor receptor 2,KDR,2655412,AF035121,P35968,VGFR2_HUMAN,1VR2; 1Y6A; 1Y6B; 1YWN; 2M59; 2MET; 2MEU; 2OH4; 2P2H; 2P2I; 2QU5; 2QU6; 2RL5; 2X1W; 2X1X; 2XIR; 3B8Q; 3B8R; 3BE2; 3C7Q; 3CJF; 3CJG; 3CP9; 3CPB; 3CPC; 3DTW; 3EFL; 3EWH; 3KVQ; 3S35; 3S36; 3S37; 3U6J; 3V2A; 3V6B; 3VHE; 3VHK; 3VID; 3VNT; 3VO3; 3WZD; 3WZE; 4AG8; 4AGC; 4AGD; 4ASD; 4ASE,,KDR,HGNC:6307,Humans,DB05578; DB06101
380,Vitamin K-dependent protein C,PROC,190334,M11228,P04070,PROC_HUMAN,1AUT; 1LQV; 1PCU; 2PCT; 3F6U; 3JTC; 4DT7,,PROC,HGNC:9451,Humans,DB13149
385,Interferon alpha/beta receptor 2,IFNAR2,995300,L42243,P48551,INAR2_HUMAN,1N6U; 1N6V; 2HYM; 2KZ1; 2LAG; 3S8W; 3S9D; 3SE3; 3SE4,,IFNAR2,HGNC:5433,Humans,DB00008; DB00011; DB00018; DB00022; DB00034; DB00060; DB00068; DB00069; DB00105
387,Follicle-stimulating hormone receptor,FSHR,182771,M65085,P23945,FSHR_HUMAN,1XUN; 1XWD; 4AY9; 4MQW,,FSHR,HGNC:3969,Humans,DB00032; DB00066; DB00094; DB00097; DB09066
390,Synaptosomal-associated protein 25,SNAP25,307426,L19760,P60880,SNP25_HUMAN,1KIL; 1XTG; 2N1T; 3DDA; 3DDB; 3RK2; 3RK3; 3RL0; 3ZUR,,SNAP25,HGNC:11132,Humans,DB00083
394,Neutrophil elastase,ELANE,296665,Y00477,P08246,ELNE_HUMAN,1B0F; 1H1B; 1HNE; 1PPF; 1PPG; 2RG3; 2Z7F; 3Q76; 3Q77; 4NZL; 4WVP; 5A09; 5A0A; 5A0B; 5A0C; 5ABW,,ELA2,HGNC:3309,Humans,DB00058; DB00099
398,Envelope glycoprotein,gp41,62732120,AJ964940,Q53I07,Q53I07_9HIV1,"",,,,Human immunodeficiency virus 1,DB00109
403,Vitamin K-dependent gamma-carboxylase,GGCX,184028,M81592,P38435,VKGC_HUMAN,"",,GGCX,HGNC:4247,Humans,DB00036; DB00100; DB13152
414,Glycine receptor subunit alpha-3,GLRA3,3342792,AF017724,O75311,GLRA3_HUMAN,5CFB,,GLRA3,HGNC:4328,Humans,DB14009
416,Interleukin-11 receptor subunit alpha,IL11RA,995654,Z38102,Q14626,I11RA_HUMAN,"",,IL11RA,HGNC:5967,Humans,DB00038
420,Delta-type opioid receptor,OPRD1,27545517,U07882,P41143,OPRD_HUMAN,1OZC; 2IQM; 4N6H; 4RWA; 4RWD,,OPRD1,HGNC:8153,Humans,DB14009
431,Calcitonin receptor,CALCR,179880,L00587,P30988,CALCR_HUMAN,"",,CALCR,HGNC:1440,Humans,DB00017
433,Glycine receptor subunit alpha-1,GLRA1,31851,X52009,P23415,GLRA1_HUMAN,1MOT; 1VRY; 2M6B; 2M6I; 4X5T,,GLRA1,HGNC:4326,Humans,DB01381; DB14009
439,Integrin alpha-IIb,ITGA2B,190068,J02764,P08514,ITA2B_HUMAN,1DPK; 1DPQ; 1JX5; 1KUP; 1KUZ; 1M8O; 1RN0; 1S4W; 1TYE; 1UV9; 2K1A; 2K9J; 2KNC; 2MTP; 2VC2; 2VDK; 2VDL; 2VDM; 2VDN; 2VDO; 2VDP; 2VDQ; 2VDR; 3FCS; 3FCU; 3NID; 3NIF; 3NIG; 3T3M; 3T3P; 3ZDX; 3ZDY; 3ZDZ; 3ZE0; 3ZE1; 3ZE2; 4CAK,,ITGA2B,HGNC:6138,Humans,DB00054
451,5-hydroxytryptamine receptor 2A,HTR2A,36431,S42168,P28223,5HT2A_HUMAN,"",,HTR2A,HGNC:5293,Humans,DB14009
453,Mast/stem cell growth factor receptor Kit,KIT,34085,X06182,P10721,KIT_HUMAN,1PKG; 1QZJ; 1QZK; 1R01; 1T45; 1T46; 2E9W; 2EC8; 2VIF; 3G0E; 3G0F; 4HVS; 4K94; 4K9E; 4PGZ; 4U0I,,KIT,HGNC:6342,Humans,DB09103
467,Interferon gamma receptor 2,IFNGR2,463550,U05875,P38484,INGR2_HUMAN,"",,IFNGR2,HGNC:5440,Humans,DB00033
483,Voltage-dependent T-type calcium channel subunit alpha-1G,CACNA1G,6625659,AF134986,O43497,CAC1G_HUMAN,"",,CACNA1G,HGNC:1394,Humans,DB14009
486,Sodium-dependent noradrenaline transporter,SLC6A2,189258,M65105,P23975,SC6A2_HUMAN,"",,SLC6A2,HGNC:11048,Humans,DB01363; DB01381
490,Thyrotropin receptor,TSHR,903760,M73747,P16473,TSHR_HUMAN,1XUM; 2XWT; 3G04,,TSHR,HGNC:12373,Humans,DB00024
511,Receptor tyrosine-protein kinase erbB-2,ERBB2,553282,M11767,P04626,ERBB2_HUMAN,1MFG; 1MFL; 1MW4; 1N8Z; 1OVC; 1QR1; 1S78; 2A91; 2JWA; 2KS1; 2L4K; 3BE1; 3H3B; 3MZW; 3N85; 3PP0; 3RCD; 3WLW; 3WSQ; 4GFU; 4HRL; 4HRM; 4HRN,,ERBB2,HGNC:3430,Humans,DB00072; DB04988; DB05773; DB06366
516,Integrin alpha-L,ITGAL,31422,Y00796,P20701,ITAL_HUMAN,1CQP; 1DGQ; 1IJ4; 1LFA; 1MJN; 1MQ8; 1MQ9; 1MQA; 1RD4; 1T0P; 1XDD; 1XDG; 1XUO; 1ZON; 1ZOO; 1ZOP; 2ICA; 2K8O; 2M3E; 2O7N; 3BN3; 3BQM; 3BQN; 3E2M; 3EOA; 3EOB; 3F74; 3F78; 3HI6; 3M6F; 3TCX; 4IXD,,ITGAL,HGNC:6148,Humans,DB00095; DB00098
527,Glucagon receptor,GCGR,439690,U03469,P47871,GLR_HUMAN,2A83; 3CZF; 4ERS; 4L6R; 4LF3,,GCGR,HGNC:4192,Humans,DB00040
538,Fibrinogen alpha chain,FGA,13591824,AF361104,P02671,FIBA_HUMAN,1BBR; 1DM4; 1FPH; 1FZA; 1FZB; 1FZC; 1FZD; 1FZE; 1FZF; 1FZG; 1LT9; 1LTJ; 1N86; 1N8E; 1RE3; 1RE4; 1RF0; 1RF1; 1YCP; 2A45; 2FFD; 2H43; 2HLO; 2HOD; 2HPC; 2OYH; 2OYI; 2Q9I; 2XNX; 2XNY; 2Z4E; 3AT0; 3BVH; 3E1I; 3GHG; 3H32; 3HUS; 4F27; 5CFA,,FGA,HGNC:3661,Humans,DB00009; DB00015; DB00029; DB00031; DB04919; DB05099; DB05675; DB06245; DB11300; DB11311; DB11571; DB11572; DB13151
556,Atrial natriuretic peptide receptor 1,NPR1,28230,X15357,P16066,ANPRA_HUMAN,"",,NPR1,HGNC:7943,Humans,DB04899
565,Interleukin-1 receptor type 1,IL1R1,33801,X16896,P14778,IL1R1_HUMAN,1G0Y; 1IRA; 1ITB; 4DEP; 4GAF,,IL1R1,HGNC:5993,Humans,DB00026; DB10770
568,Glutamate carboxypeptidase 2,FOLH1,190664,M99487,Q04609,FOLH1_HUMAN,1Z8L; 2C6C; 2C6G; 2C6P; 2CIJ; 2JBJ; 2JBK; 2OOT; 2OR4; 2PVV; 2PVW; 2XEF; 2XEG; 2XEI; 2XEJ; 3BHX; 3BI0; 3BI1; 3BXM; 3D7D; 3D7F; 3D7G; 3D7H; 3IWW; 3RBU; 3SJE; 3SJF; 3SJG; 3SJX; 4JYW; 4JZ0; 4LQG; 4MCP; 4MCQ; 4MCR; 4MCS; 4NGM; 4NGN; 4NGP; 4NGQ; 4NGR; 4NGS; 4NGT; 4OC0; 4OC1; 4OC2; 4OC3; 4OC4; 4OC5; 4OME; 4P44; 4P45; 4P4B; 4P4D; 4P4E; 4P4F; 4P4I; 4P4J; 4W9Y; 4X3R,,FOLH1,HGNC:3788,Humans,DB00089
572,Alpha-2B adrenergic receptor,ADRA2B,178198,M34041,P18089,ADA2B_HUMAN,2CVA,,ADRA2B,HGNC:282,Humans,DB01363
574,3-hydroxy-3-methylglutaryl-coenzyme A reductase,HMGCR,306865,M11058,P04035,HMDH_HUMAN,1DQ8; 1DQ9; 1DQA; 1HW8; 1HW9; 1HWI; 1HWJ; 1HWK; 1HWL; 2Q1L; 2Q6B; 2Q6C; 2R4F; 3BGL; 3CCT; 3CCW; 3CCZ; 3CD0; 3CD5; 3CD7; 3CDA; 3CDB,,HMGCR,HGNC:5006,Humans,DB14009
590,Integrin alpha-4,ITGA4,33946,X16983,P13612,ITA4_HUMAN,3V4P; 3V4V; 4HKC,,ITGA4,HGNC:6140,Humans,DB00108; DB09033
598,T-cell surface glycoprotein CD1a,CD1A,180036,M28825,P06126,CD1A_HUMAN,1ONQ; 1XZ0; 4X6C; 4X6D; 4X6E; 4X6F,,CD1A,HGNC:1634,Humans,DB00098
625,Growth hormone-releasing hormone receptor,GHRHR,183173,L01406,Q02643,GHRHR_HUMAN,2XDG,,GHRHR,HGNC:4266,Humans,DB00010
628,Granulocyte-macrophage colony-stimulating factor receptor subunit alpha,CSF2RA,32089,X17648,P15509,CSF2R_HUMAN,4NKQ; 4RS1,,CSF2RA,HGNC:2435,Humans,DB00020; DB05386; DB10770; DB10772; DB11338
633,DNA polymerase catalytic subunit,,60016,X04370,P09252,DPOL_VZVD,"",,,,HHV-3,DB13896
642,72 kDa type IV collagenase,MMP2,180671,J03210,P08253,MMP2_HUMAN,1CK7; 1CXW; 1EAK; 1GEN; 1GXD; 1HOV; 1J7M; 1KS0; 1QIB; 1RTG; 3AYU,,MMP2,HGNC:7166,Humans,DB06423
647,Sodium-dependent dopamine transporter,SLC6A3,553260,M96670,Q01959,SC6A3_HUMAN,"",,SLC6A3,HGNC:11049,Humans,DB01363
648,"Glutathione reductase, mitochondrial",GSR,31825,X15722,P00390,GSHR_HUMAN,1ALG; 1BWC; 1DNC; 1GRA; 1GRB; 1GRE; 1GRF; 1GRG; 1GRH; 1GRT; 1GSN; 1K4Q; 1XAN; 2AAQ; 2GH5; 2GRT; 3DJG; 3DJJ; 3DK4; 3DK8; 3DK9; 3GRS; 3GRT; 3SQP; 4GR1; 4GRT; 5GRT,,GSR,HGNC:4623,Humans,DB14009
651,Interleukin-2 receptor subunit beta,IL2RB,307048,M26062,P14784,IL2RB_HUMAN,1ILM; 1ILN; 2B5I; 2ERJ; 3QAZ; 4GS7,,IL2RB,HGNC:6009,Humans,DB00004; DB00041; DB00074; DB00111
654,Erythropoietin receptor,EPOR,182245,M60459,P19235,EPOR_HUMAN,1CN4; 1EBA; 1EBP; 1EER; 1ERN; 2JIX; 2MV6; 4Y5V; 4Y5X; 4Y5Y,,EPOR,HGNC:3416,Humans,DB00012; DB00016; DB08894; DB09107
658,Interleukin-2 receptor subunit alpha,IL2RA,33813,X01057,P01589,IL2RA_HUMAN,1ILM; 1ILN; 1Z92; 2B5I; 2ERJ; 3IU3; 3NFP,,IL2RA,HGNC:6008,Humans,DB00004; DB00041; DB00074; DB00111
661,Interferon alpha/beta receptor 1,IFNAR1,306914,J03171,P17181,INAR1_HUMAN,3S98; 3SE3; 3SE4; 4PO6,,IFNAR1,HGNC:5432,Humans,DB00008; DB00011; DB00018; DB00022; DB00034; DB00060; DB00068; DB00069; DB00105; DB05258; DB14999
674,Myeloid cell surface antigen CD33,CD33,180098,M23197,P20138,CD33_HUMAN,"",,CD33,HGNC:1659,Humans,DB00056; DB06318
686,Fusion glycoprotein F0,F,222565,D00334,P13843,FUS_HRSV1,"",,,,Human respiratory syncytial virus B (strain 18537),DB00110
687,Thyroid hormone receptor alpha,THRA,825639,X55074,P10827,THA_HUMAN,1NAV; 2H77; 2H79; 3HZF; 3ILZ; 3JZB; 4LNW; 4LNX,,THRA,HGNC:11796,Humans,DB09100
689,Fibroblast growth factor 1,FGF1,181942,M13361,P05230,FGF1_HUMAN,1AXM; 1DJS; 1DZC; 1DZD; 1E0O; 1EVT; 1HKN; 1JQZ; 1JT3; 1JT4; 1JT5; 1JT7; 1JTC; 1JY0; 1K5U; 1K5V; 1M16; 1NZK; 1P63; 1PZZ; 1Q03; 1Q04; 1QCT; 1RG8; 1RML; 1RY7; 1YTO; 1Z2V; 1Z4S; 2AFG; 2AQZ; 2AXM; 2ERM; 2HW9; 2HWA; 2HWM; 2HZ9; 2K43; 2K4A; 2K8R; 2KI4; 2KI6; 2LDN; 2NTD; 2Q9X; 2RQ9; 3B9U; 3BA4; 3BA5; 3BA7; 3BAD; 3BAG; 3BAH; 3BAO; 3BAQ; 3BAU; 3BAV; 3BB2; 3CQA; 3CRG; 3CRH; 3CRI; 3CU1; 3FGM; 3FJ8; 3FJ9; 3FJA; 3FJB; 3FJC; 3FJD; 3FJE; 3FJF; 3FJH; 3FJI; 3FJJ; 3FJK; 3HOM; 3JUT; 3K1X; 3O3Q; 3OJ2; 3OJM; 3OJV; 3UD7; 3UD8; 3UD9; 3UDA; 4J23; 4Q91; 4Q9G; 4Q9P; 4QAL; 4QBC; 4QBV; 4QC4; 4QO3,,FGF1,HGNC:3665,Humans,DB10770; DB10772
693,"Indoleamine 2,3-dioxygenase 1",IDO1,306956,M34455,P14902,I23O1_HUMAN,2D0T; 2D0U; 4PK5; 4PK6; 4U72; 4U74,,INDO,HGNC:6059,Humans,DB14009
694,Beta-2 adrenergic receptor,ADRB2,29371,Y00106,P07550,ADRB2_HUMAN,1GQ4; 2R4R; 2R4S; 2RH1; 3D4S; 3KJ6; 3NY8; 3NY9; 3NYA; 3P0G; 3PDS; 3SN6; 4GBR; 4LDE; 4LDL; 4LDO; 4QKX,,ADRB2,HGNC:286,Humans,DB01363
704,Tumor necrosis factor,TNF,339741,M16441,P01375,TNFA_HUMAN,1A8M; 1TNF; 2AZ5; 2E7A; 2TUN; 2ZJC; 2ZPX; 3ALQ; 3IT8; 3L9J; 3WD5; 4G3Y; 4TSV; 4TWT; 5TSW,,TNF,HGNC:11892,Humans,DB00005; DB00051; DB00065; DB04956; DB05218; DB05758; DB05879; DB06495; DB06674; DB08904; DB10770; DB10772
710,High affinity immunoglobulin gamma Fc receptor I,FCGR1A,31332,X14356,P12314,FCGR1_HUMAN,3RJD; 4W4O; 4X4M; 4ZNE,,FCGR1A,HGNC:3613,Humans,DB00002; DB00005; DB00028; DB00056; DB00087; DB00108; DB00110; DB00111; DB00112; DB06607; DB11767; DB14962
711,Interferon gamma receptor 1,IFNGR1,306915,J03143,P15260,INGR1_HUMAN,1FG9; 1FYH; 1JRH,,IFNGR1,HGNC:5439,Humans,DB00033
717,Urokinase plasminogen activator surface receptor,PLAUR,37605,X51675,Q03405,UPAR_HUMAN,1YWH; 2FD6; 2I9B; 3BT1; 3BT2; 3U73; 3U74; 4K24; 4QTI,,PLAUR,HGNC:9053,Humans,DB00009; DB00013; DB00031; DB06245
719,T-cell surface antigen CD2,CD2,180081,M19806,P06729,CD2_HUMAN,1CDB; 1GYA; 1HNF; 1L2Z; 1QA9; 2J6O; 2J7I,,CD2,HGNC:1639,Humans,DB00092; DB06371
748,Fibroblast growth factor receptor 2,FGFR2,31374,X52832,P21802,FGFR2_HUMAN,1DJS; 1E0O; 1EV2; 1GJO; 1II4; 1IIL; 1NUN; 1OEC; 1WVZ; 2FDB; 2PSQ; 2PVF; 2PVY; 2PWL; 2PY3; 2PZ5; 2PZP; 2PZR; 2Q0B; 3B2T; 3CAF; 3CLY; 3CU1; 3DAR; 3EUU; 3OJ2; 3OJM; 3RI1; 4J23; 4J95; 4J96; 4J97; 4J98; 4J99; 4WV1,,FGFR2,HGNC:3689,Humans,DB00039; DB10770; DB10772
749,Sodium-dependent serotonin transporter,SLC6A4,36433,X70697,P31645,SC6A4_HUMAN,"",,SLC6A4,HGNC:11050,Humans,DB01363
751,Oxytocin-neurophysin 1,OXT,189411,M25650,P01178,NEU1_HUMAN,"",,OXT,HGNC:8528,Humans,DB00107
767,Epidermal growth factor receptor,EGFR,757924,X00588,P00533,EGFR_HUMAN,1DNQ; 1DNR; 1IVO; 1M14; 1M17; 1MOX; 1NQL; 1XKK; 1YY9; 1Z9I; 2EB2; 2EB3; 2EXP; 2EXQ; 2GS2; 2GS6; 2GS7; 2ITN; 2ITO; 2ITP; 2ITQ; 2ITT; 2ITU; 2ITV; 2ITW; 2ITX; 2ITY; 2ITZ; 2J5E; 2J5F; 2J6M; 2JIT; 2JIU; 2JIV; 2KS1; 2M0B; 2M20; 2N5S; 2RF9; 2RFD; 2RFE; 2RGP; 3B2U; 3B2V; 3BEL; 3BUO; 3C09; 3G5V; 3G5Y; 3GOP; 3GT8; 3IKA; 3LZB; 3NJP; 3OB2; 3OP0; 3P0Y; 3PFV; 3POZ; 3QWQ; 3UG1; 3UG2; 3VJN; 3VJO; 3VRP; 3VRR; 3W2O; 3W2P; 3W2Q; 3W2R; 3W2S; 3W32; 3W33; 4G5J; 4G5P; 4HJO; 4I1Z; 4I20; 4I21; 4I22; 4I23; 4I24; 4JQ7; 4JQ8; 4JR3; 4JRV; 4KRL; 4KRM; 4KRO; 4KRP; 4LI5; 4LL0; 4LQM; 4LRM; 4R3P; 4R3R; 4R5S; 4RIW; 4RIX; 4RIY; 4RJ4; 4RJ5; 4RJ6; 4RJ7; 4RJ8; 4TKS; 4UV7; 4WKQ; 4WRG; 4ZAU; 4ZJV; 5C8K; 5C8M; 5C8N; 5CAL; 5CAN; 5CAO; 5CAP; 5CAQ; 5CAS; 5CAU; 5CAV; 5CNN; 5CNO; 5CZH; 5CZI,,EGFR,HGNC:3236,Humans,DB00002; DB01269; DB04988; DB05101; DB09559; DB10772; DB11731; DB12202
770,Mu-type opioid receptor,OPRM1,452073,L25119,P35372,OPRM_HUMAN,"",,OPRM1,HGNC:8156,Humans,DB14009
775,Heparin cofactor 2,SERPIND1,183910,M12849,P05546,HEP2_HUMAN,1JMJ; 1JMO,,SERPIND1,HGNC:4838,Humans,DB06271
793,Granulocyte colony-stimulating factor receptor,CSF3R,31697,X55721,Q99062,CSF3R_HUMAN,1AZ7; 2D9Q,,CSF3R,HGNC:2439,Humans,DB00019; DB00099; DB13144; DB13200
795,Gamma-aminobutyric acid receptor subunit alpha-1,GABRA1,31631,X13584,P14867,GBRA1_HUMAN,"",,GABRA1,HGNC:4075,Humans,DB01381
816,Glutathione peroxidase 1,GPX1,577777,Y00433,P07203,GPX1_HUMAN,2F8A,,GPX1,HGNC:4553,Humans,DB14009
844,Oxytocin receptor,OXTR,34765,X64878,P30559,OXYR_HUMAN,"",,OXTR,HGNC:8529,Humans,DB00107
846,T-lymphocyte activation antigen CD86,CD86,439839,L25259,P42081,CD86_HUMAN,1I85; 1NCN,,CD86,HGNC:1705,Humans,DB00098; DB01281; DB06681
847,T-lymphocyte activation antigen CD80,CD80,306916,M27533,P33681,CD80_HUMAN,1DR9; 1I8L,,CD80,HGNC:1700,Humans,DB01281; DB04901; DB06681
848,Adrenocorticotropic hormone receptor,MC2R,28344,X65633,Q01718,ACTHR_HUMAN,"",,MC2R,HGNC:6930,Humans,DB01285; DB09334
852,Platelet-derived growth factor receptor alpha,PDGFRA,189734,M21574,P16234,PGFRA_HUMAN,1GQ5,,PDGFRA,HGNC:8803,Humans,DB00102; DB06043; DB10772
855,Complement C5,C5,179983,M57729,P01031,CO5_HUMAN,1CFA; 1KJS; 1XWE; 3CU7; 3HQA; 3HQB; 3KLS; 3KM9; 3PRX; 3PVM; 4A5W; 4E0S; 4P39; 4UU9,,C5,HGNC:1331,Humans,DB00028; DB01257; DB11580
856,Perilipin-3,PLIN3,3095186,AF057140,O60664,PLIN3_HUMAN,"",,M6PRBP1,HGNC:16893,Humans,DB01271; DB01279
857,Glucagon-like peptide 1 receptor,GLP1R,405082,U01104,P43220,GLP1R_HUMAN,3C59; 3C5T; 3IOL; 4ZGM,,GLP1R,HGNC:4324,Humans,DB00040; DB01276; DB06655; DB09043; DB09045
858,Insulin-like growth factor 1 receptor,IGF1R,804990,X04434,P08069,IGF1R_HUMAN,1IGR; 1JQH; 1K3A; 1M7N; 1P4O; 2OJ9; 2ZM3; 3D94; 3F5P; 3I81; 3LVP; 3LW0; 3NW5; 3NW6; 3NW7; 3O23; 3QQU; 4D2R; 4XSS,,IGF1R,HGNC:5465,Humans,DB00030; DB00046; DB00047; DB00071; DB01277; DB01306; DB01307; DB01309; DB06343; DB09098; DB09564; DB12250; DB14751
864,Voltage-dependent T-type calcium channel subunit alpha-1H,CACNA1H,14670397,AF051946,O95180,CAC1H_HUMAN,"",,CACNA1H,HGNC:1395,Humans,DB14009
887,Cytotoxic T-lymphocyte protein 4,CTLA4,17646228,AF411058,P16410,CTLA4_HUMAN,1AH1; 1H6E; 1I85; 1I8L; 2X44; 3BX7; 3OSK,,CTLA4,HGNC:2505,Humans,DB06186
895,Urokinase-type plasminogen activator,PLAU,1834524,X02419,P00749,UROK_HUMAN,1C5W; 1C5X; 1C5Y; 1C5Z; 1EJN; 1F5K; 1F5L; 1F92; 1FV9; 1GI7; 1GI8; 1GI9; 1GJ7; 1GJ8; 1GJ9; 1GJA; 1GJB; 1GJC; 1GJD; 1KDU; 1LMW; 1O3P; 1O5A; 1O5B; 1O5C; 1OWD; 1OWE; 1OWH; 1OWI; 1OWJ; 1OWK; 1SC8; 1SQA; 1SQO; 1SQT; 1U6Q; 1URK; 1VJ9; 1VJA; 1W0Z; 1W10; 1W11; 1W12; 1W13; 1W14; 2FD6; 2I9A; 2I9B; 2NWN; 2O8T; 2O8U; 2O8W; 2R2W; 2VIN; 2VIO; 2VIP; 2VIQ; 2VIV; 2VIW; 2VNT; 3BT1; 3BT2; 3IG6; 3KGP; 3KHV; 3KID; 3M61; 3MHW; 3MWI; 3OX7; 3OY5; 3OY6; 3PB1; 3QN7; 3U73; 4DVA; 4DW2; 4FU7; 4FU8; 4FU9; 4FUB; 4FUC; 4FUD; 4FUE; 4FUF; 4FUG; 4FUH; 4FUI; 4FUJ; 4GLY; 4H42; 4JK5; 4JK6; 4JNI; 4JNL; 4K24; 4MNV; 4MNW; 4MNX; 4MNY; 4OS1; 4OS2; 4OS4; 4OS5; 4OS6; 4OS7; 4X0W; 4X1N; 4X1P; 4X1Q; 4X1R; 4X1S; 4ZHL; 4ZHM,,PLAU,HGNC:9052,Humans,DB05254
901,Low affinity immunoglobulin gamma Fc region receptor III-B,FCGR3B,31322,X16863,O75015,FCG3B_HUMAN,1E4J; 1E4K; 1FNL; 1T83; 1T89,,FCGR3B,HGNC:3620,Humans,DB00002; DB00005; DB00028; DB00056; DB00075; DB00087; DB00092; DB00108; DB00110; DB00111; DB06607; DB11767
910,Alpha-2-macroglobulin,A2M,177870,M11313,P01023,A2MG_HUMAN,1BV8; 2P9R; 4ACQ,,A2M,HGNC:7,Humans,DB00102; DB08888
911,C-C chemokine receptor type 5,CCR5,1262811,X91492,P51681,CCR5_HUMAN,1ND8; 1NE0; 1OPN; 1OPT; 1OPW; 2L87; 2MZX; 2RLL; 2RRS; 4MBS,,CCR5,HGNC:1606,Humans,DB05906; DB05941; DB12698
917,Growth factor receptor-bound protein 2,GRB2,181976,M96995,P62993,GRB2_HUMAN,1AZE; 1BM2; 1BMB; 1CJ1; 1FHS; 1FYR; 1GCQ; 1GFC; 1GFD; 1GHU; 1GRI; 1IO6; 1JYQ; 1JYR; 1JYU; 1QG1; 1TZE; 1X0N; 1ZFP; 2AOA; 2AOB; 2H46; 2H5K; 2HUW; 2VVK; 2VWF; 2W0Z; 3C7I; 3IMD; 3IMJ; 3IN7; 3IN8; 3KFJ; 3MXC; 3MXY; 3N7Y; 3N84; 3N8M; 3OV1; 3OVE; 3S8L; 3S8N; 3S8O; 3WA4; 4P9V; 4P9Z,,GRB2,HGNC:4566,Humans,DB00061
918,Interleukin-6,IL6,32674,X04430,P05231,IL6_HUMAN,1ALU; 1IL6; 1N2Q; 1P9M; 2IL6; 4CNI; 4J4L; 4NI7; 4NI9; 4O9H,,IL6,HGNC:6018,Humans,DB09036; DB10770; DB10772
919,C-X-C chemokine receptor type 4,CXCR4,189314,L01639,P61073,CXCR4_HUMAN,2K03; 2K04; 2K05; 3ODU; 3OE0; 3OE6; 3OE8; 3OE9; 4RWS,,CXCR4,HGNC:2561,Humans,DB12698
924,Adenosine receptor A2a,ADORA2A,177892,M97370,P29274,AA2AR_HUMAN,1MMH; 1UPE; 2YDO; 2YDV; 3EML; 3PWH; 3QAK; 3REY; 3RFM; 3UZA; 3UZC; 3VG9; 3VGA; 4EIY; 4UG2; 4UHR,,ADORA2A,HGNC:263,Humans,DB04932
928,Proteinase-activated receptor 1,F2R,339677,M62424,P25116,PAR1_HUMAN,1NRN; 1NRO; 1NRP; 1NRQ; 1NRR; 3BEF; 3HKI; 3HKJ; 3LU9; 3VW7,,F2R,HGNC:3537,Humans,DB00086; DB11300
934,C-X-C motif chemokine 10,CXCL10,33918,X02530,P02778,CXL10_HUMAN,1LV9; 1O7Y; 1O7Z; 1O80,,CXCL10,HGNC:10637,Humans,DB06116; DB11338
941,Cathepsin D,CTSD,181180,M11233,P07339,CATD_HUMAN,1LYA; 1LYB; 1LYW; 4OBZ; 4OC6; 4OD9,,CTSD,HGNC:2529,Humans,DB00071
942,Low-density lipoprotein receptor-related protein 2,LRP2,1809240,U33837,P98164,LRP2_HUMAN,2M0P,,LRP2,HGNC:6694,Humans,DB00013; DB00071
943,Vitamin K-dependent protein S,PROS1,190289,M15036,P07225,PROS_HUMAN,1Z6C,,PROS1,HGNC:9456,Humans,DB00055
944,Interferon gamma,IFNG,32692,X13274,P01579,IFNG_HUMAN,1EKU; 1FG9; 1FYH; 1HIG; 3BES,,IFNG,HGNC:5438,Humans,DB05110; DB05111; DB10770; DB10772; DB14724
949,Tumor necrosis factor receptor superfamily member 1B,TNFRSF1B,189186,M32315,P20333,TNR1B_HUMAN,1CA9; 3ALQ,,TNFRSF1B,HGNC:11917,Humans,DB11626
952,Alpha-1-antitrypsin,SERPINA1,177829,K01396,P01009,A1AT_HUMAN,1ATU; 1D5S; 1EZX; 1HP7; 1IZ2; 1KCT; 1OO8; 1OPH; 1PSI; 1QLP; 1QMB; 2D26; 2QUG; 3CWL; 3CWM; 3DRM; 3DRU; 3NDD; 3NDF; 3NE4; 3T1P; 4PYW; 7API; 8API; 9API,,SERPINA1,HGNC:8941,Humans,DB05481
956,Nuclear receptor subfamily 1 group I member 2,NR1I2,3511138,AF061056,O75469,NR1I2_HUMAN,1ILG; 1ILH; 1M13; 1NRL; 1SKX; 2O9I; 2QNV; 3CTB; 3HVL; 3R8D; 4J5W; 4J5X; 4NY9; 4S0S; 4S0T; 4X1F; 4X1G; 4XAO; 4XHD; 5A86,,NR1I2,HGNC:7968,Humans,DB11087
966,Collagenase 3,MMP13,516386,X75308,P45452,MMP13_HUMAN,1EUB; 1FLS; 1FM1; 1PEX; 1UC1; 1XUC; 1XUD; 1XUR; 1YOU; 1ZTQ; 2D1N; 2E2D; 2OW9; 2OZR; 2PJT; 2YIG; 3ELM; 3I7G; 3I7I; 3KEC; 3KEJ; 3KEK; 3KRY; 3LJZ; 3O2X; 3TVC; 3WV1; 3WV2; 3WV3; 3ZXH; 456C; 4A7B; 4FU4; 4FVL; 4G0D; 4JP4; 4JPA; 4L19; 5BOT; 5BOY; 5BPA; 830C,,MMP13,HGNC:7159,Humans,DB06423
967,Tissue factor pathway inhibitor,TFPI,180546,J03225,P10646,TFPI1_HUMAN,1ADZ; 1IRH; 1TFX; 4BQD; 4DTG,,TFPI,HGNC:11760,Humans,DB00036; DB14562
969,Plasminogen activator inhibitor 2,SERPINB2,189545,J02685,P05120,PAI2_HUMAN,1BY7; 1JRR; 2ARQ; 2ARR,,SERPINB2,HGNC:8584,Humans,DB00013; DB00031; DB06245
970,Insulin-like growth factor-binding protein 3,IGFBP3,183116,M31159,P17936,IBP3_HUMAN,"",,IGFBP3,HGNC:5472,Humans,DB01277
971,DNA topoisomerase 1,TOP1,339806,J03250,P11387,TOP1_HUMAN,1A31; 1A35; 1A36; 1EJ9; 1K4S; 1K4T; 1LPQ; 1NH3; 1R49; 1RR8; 1RRJ; 1SC7; 1SEU; 1T8I; 1TL8,,TOP1,HGNC:11986,Humans,DB12893; DB14962
973,Sphingomyelin phosphodiesterase,SMPD1,179095,M59916,P17405,ASM_HUMAN,"",,SMPD1,HGNC:11120,Humans,DB14009
978,Glucosylceramidase,GBA,183008,M16328,P04062,GLCM_HUMAN,1OGS; 1Y7V; 2F61; 2J25; 2NSX; 2NT0; 2NT1; 2V3D; 2V3E; 2V3F; 2VT0; 2WCG; 2WKL; 2XWD; 2XWE; 3GXD; 3GXF; 3GXI; 3GXM; 3KE0; 3KEH; 3RIK; 3RIL,,GBA,HGNC:4177,Humans,DB06720
981,Interleukin-12 subunit beta,IL12B,180626,M65272,P29460,IL12B_HUMAN,1F42; 1F45; 3D85; 3D87; 3DUH; 3HMX; 3QWR; 4GRW; 4OE8; 4OG9,,IL12B,HGNC:5970,Humans,DB05459; DB05679; DB05848
984,Transforming growth factor beta-1,TGFB1,1212989,X05839,P01137,TGFB1_HUMAN,1KLA; 1KLC; 1KLD; 3KFD; 4KV5,,TGFB1,HGNC:11766,Humans,DB00070; DB06205; DB10770; DB10772; DB14740
997,Atrial natriuretic peptide receptor 2,NPR2,5139790,AB005647,P20594,ANPRB_HUMAN,"",,NPR2,HGNC:7944,Humans,DB04899
999,Tumor necrosis factor ligand superfamily member 13B,TNFSF13B,4761612,AF136293,Q9Y275,TN13B_HUMAN,1JH5; 1KD7; 1KXG; 1OQD; 1OQE; 1OSG; 3V56; 4V46; 4ZCH,,TNFSF13B,HGNC:11929,Humans,DB08879
1006,CD40 ligand,CD40LG,37270,X68550,P29965,CD40L_HUMAN,1ALY; 1I9R; 3LKJ; 3QD6,,CD40LG,HGNC:11935,Humans,DB06475
1007,Peroxisome proliferator-activated receptor delta,PPARD,190230,L07592,Q03181,PPARD_HUMAN,1GWX; 1Y0S; 2AWH; 2B50; 2BAW; 2ENV; 2GWX; 2J14; 2Q5G; 2XYJ; 2XYW; 2XYX; 2ZNP; 2ZNQ; 3D5F; 3DY6; 3ET2; 3GWX; 3GZ9; 3OZ0; 3PEQ; 3SP9; 3TKM,,PPARD,HGNC:9235,Humans,DB13961
1011,Calnexin,CANX,186523,L10284,P27824,CALX_HUMAN,"",,CANX,HGNC:1473,Humans,DB00025; DB00031; DB06245; DB13998; DB13999
1012,Beta-3 adrenergic receptor,ADRB3,178896,M29932,P13945,ADRB3_HUMAN,2CDW,,ADRB3,HGNC:288,Humans,DB01363
1021,Coagulation factor XI,F11,182833,M13142,P03951,FA11_HUMAN,1XX9; 1XXD; 1XXF; 1ZHM; 1ZHP; 1ZHR; 1ZJD; 1ZLR; 1ZMJ; 1ZML; 1ZMN; 1ZOM; 1ZPB; 1ZPC; 1ZPZ; 1ZRK; 1ZSJ; 1ZSK; 1ZSL; 1ZTJ; 1ZTK; 1ZTL; 2F83; 2FDA; 2J8J; 2J8L; 3BG8; 3SOR; 3SOS; 4CR5; 4CR9; 4CRA; 4CRB; 4CRC; 4CRD; 4CRE; 4CRF; 4CRG; 4NA7; 4NA8; 4TY6; 4TY7; 4WXI; 4X6M; 4X6N; 4X6O; 4X6P; 4Y8X; 4Y8Y; 4Y8Z,,F11,HGNC:3529,Humans,DB00100; DB06404; DB09228; DB11300; DB11571; DB13152
1023,Transient receptor potential cation channel subfamily V member 1,TRPV1,8977866,AJ277028,Q8NER1,TRPV1_HUMAN,"",,TRPV1,HGNC:12716,Humans,DB11131; DB14009
1025,Platelet glycoprotein Ib alpha chain,GP1BA,306793,J02940,P07359,GP1BA_HUMAN,1GWB; 1K13; 1M0Z; 1M10; 1OOK; 1P8V; 1P9A; 1QYY; 1SQ0; 1U0N; 2BP3; 3P72; 3PMH; 4C2A; 4C2B; 4CH2; 4CH8; 4MGX,,GP1BA,HGNC:4439,Humans,DB05202
1026,Corticoliberin,CRH,35356,V00571,P06850,CRF_HUMAN,1GOE; 3EHT; 3EHU,,CRH,HGNC:2355,Humans,DB01285
1029,Interleukin-2,IL2,5729676,J00264,P60568,IL2_HUMAN,1ILM; 1ILN; 1IRL; 1M47; 1M48; 1M49; 1M4A; 1M4B; 1M4C; 1NBP; 1PW6; 1PY2; 1QVN; 1Z92; 2B5I; 2ERJ; 3INK; 3QAZ; 3QB1; 4NEJ; 4NEM,,IL2,HGNC:6001,Humans,DB05299; DB05304; DB06584
1031,Basement membrane-specific heparan sulfate proteoglycan core protein,HSPG2,29470,X62515,P98160,PGBM_HUMAN,3SH4; 3SH5,,HSPG2,HGNC:5273,Humans,DB00039
1036,Interleukin-3 receptor subunit alpha,IL3RA,186331,M74782,P26951,IL3RA_HUMAN,4JZJ,,IL3RA,HGNC:6012,Humans,DB00020; DB14731
1039,High affinity nerve growth factor receptor,NTRK1,339918,M23102,P04629,NTRK1_HUMAN,1HE7; 1SHC; 1WWA; 1WWW; 2IFG; 4AOJ; 4CRP; 4F0I; 4GT5; 4PMM; 4PMP; 4PMS; 4PMT; 4YNE; 4YPS,,NTRK1,HGNC:8031,Humans,DB13926
1043,von Willebrand factor,VWF,37947,X04385,P04275,VWF_HUMAN,1AO3; 1ATZ; 1AUQ; 1FE8; 1FNS; 1IJB; 1IJK; 1M10; 1OAK; 1SQ0; 1U0N; 1UEX; 2ADF; 2MHP; 2MHQ; 3GXB; 3HXO; 3HXQ; 3PPV; 3PPW; 3PPX; 3PPY; 3ZQK; 4C29; 4C2A; 4C2B; 4DMU; 4NT5,,VWF,HGNC:12726,Humans,DB00025; DB05202; DB06081; DB09108; DB09329; DB11606; DB11607; DB13998; DB13999
1051,Interleukin-1 beta,IL1B,307043,K02770,P01584,IL1B_HUMAN,1HIB; 1I1B; 1IOB; 1ITB; 1L2H; 1S0L; 1T4Q; 1TOO; 1TP0; 1TWE; 1TWM; 21BI; 2I1B; 2KH2; 2NVH; 31BI; 3LTQ; 3O4O; 3POK; 41BI; 4DEP; 4G6J; 4G6M; 4GAF; 4GAI; 4I1B; 5BVP; 5I1B; 6I1B; 7I1B; 9ILB,,IL1B,HGNC:5992,Humans,DB06168; DB06372; DB10772; DB12119
1068,Vitronectin,VTN,36575,X03168,P04004,VTNC_HUMAN,1OC0; 1S4G; 1SSU; 2JQ8; 3BT1; 3BT2; 4K24,,VTN,HGNC:12724,Humans,DB00054
1074,E-selectin,SELE,182048,M30640,P16581,LYAM2_HUMAN,1ESL; 1G1T; 1KJA; 4C16; 4CSY,,SELE,HGNC:10718,Humans,DB06423
1085,Intercellular adhesion molecule 1,ICAM1,758074,X06990,P05362,ICAM1_HUMAN,1D3E; 1D3I; 1D3L; 1IAM; 1IC1; 1IJ4; 1MQ8; 1P53; 1Z7Z; 2OZ4; 3TCX,,ICAM1,HGNC:5344,Humans,DB00108
1086,Nuclear factor NF-kappa-B p105 subunit,NFKB1,189180,M55643,P19838,NFKB1_HUMAN,1MDI; 1MDJ; 1MDK; 1NFI; 1SVC; 2DBF; 2O61; 3GUT,,NFKB1,HGNC:7794,Humans,DB05471
1087,Lymphotoxin-alpha,LTA,34445,X01393,P01374,TNFB_HUMAN,1TNR; 4MXV; 4MXW,,LTA,HGNC:6709,Humans,DB00005
1088,Tissue-type plasminogen activator,PLAT,339834,L00153,P00750,TPA_HUMAN,1A5H; 1BDA; 1PK2; 1PML; 1RTF; 1TPG; 1TPK; 1TPM; 1TPN; 5BRR,,PLAT,HGNC:9051,Humans,DB06404; DB09228
1091,Kallikrein-1,KLK1,186653,M25629,P06870,KLK1_HUMAN,1SPJ,,KLK1,HGNC:6357,Humans,DB06245; DB06692
1094,Beta-nerve growth factor,NGF,671883,V01511,P01138,NGF_HUMAN,1SG1; 1WWW; 2IFG; 4EDW; 4EDX; 4ZBN,,NGFB,HGNC:7808,Humans,DB05892
1098,78 kDa glucose-regulated protein,HSPA5,386758,M19645,P11021,GRP78_HUMAN,3IUC; 3LDL; 3LDN; 3LDO; 3LDP,,HSPA5,HGNC:5238,Humans,DB00025; DB13998; DB13999
1102,Prostatic acid phosphatase,ACPP,189613,M97589,P15309,PPAP_HUMAN,1CVI; 1ND5; 1ND6; 2HPA; 2L3H; 2L77; 2L79; 2MG0; 3PPD,,ACPP,HGNC:125,Humans,DB06688
1103,Calcitonin gene-related peptide 1,CALCA,179828,M12667,P06881,CALCA_HUMAN,1LS7,,CALCA,HGNC:1437,Humans,DB14040; DB14041; DB14042
1113,CD44 antigen,CD44,180197,M24915,P16070,CD44_HUMAN,1POZ; 1UUH; 2I83; 4PZ3; 4PZ4,,CD44,HGNC:1681,Humans,DB06550
1114,Vascular cell adhesion protein 1,VCAM1,179886,M30257,P19320,VCAM1_HUMAN,1IJ9; 1VCA; 1VSC,,VCAM1,HGNC:12663,Humans,DB11338
1122,Transient receptor potential cation channel subfamily A member 1,TRPA1,3287188,Y10601,O75762,TRPA1_HUMAN,3J9P,,TRPA1,HGNC:497,Humans,DB14009
1123,Carboxypeptidase E,CPE,29667,X51405,P16870,CBPE_HUMAN,"",,CPE,HGNC:2303,Humans,DB00030; DB00071
1125,Alpha-2-antiplasmin,SERPINF2,219408,D00116,P08697,A2AP_HUMAN,"",,SERPINF2,HGNC:9075,Humans,DB08888
1129,Platelet factor 4,PF4,189851,M25897,P02776,PLF4_HUMAN,1DN3; 1F9Q; 1F9R; 1F9S; 1PFM; 1PFN; 1RHP,,PF4,HGNC:8861,Humans,DB00055
1139,Tumor necrosis factor receptor superfamily member 1A,TNFRSF1A,37224,X55313,P19438,TNR1A_HUMAN,1EXT; 1FT4; 1ICH; 1NCF; 1TNR,,TNFRSF1A,HGNC:11916,Humans,DB11626
1147,Protein NOV homolog,NOV,825696,X78351,P48745,NOV_HUMAN,"",,NOV,HGNC:7885,Humans,DB00071
1151,Thrombomodulin,THBD,736251,X05495,P07204,TRBM_HUMAN,1ADX; 1DQB; 1DX5; 1EGT; 1FGD; 1FGE; 1HLT; 1TMR; 1ZAQ; 2ADX; 3GIS,,THBD,HGNC:11784,Humans,DB00055
1155,Integrin beta-3,ITGB3,306786,J02703,P05106,ITB3_HUMAN,1JV2; 1KUP; 1KUZ; 1L5G; 1M1X; 1M8O; 1MIZ; 1MK7; 1MK9; 1RN0; 1S4X; 1TYE; 1U8C; 2INI; 2K9J; 2KNC; 2KV9; 2L1C; 2L91; 2LJD; 2LJE; 2LJF; 2MTP; 2Q6W; 2RMZ; 2RN0; 2VC2; 2VDK; 2VDL; 2VDM; 2VDN; 2VDO; 2VDP; 2VDQ; 2VDR; 3FCS; 3FCU; 3IJE; 3NID; 3NIF; 3NIG; 3T3M; 3T3P; 3ZDX; 3ZDY; 3ZDZ; 3ZE0; 3ZE1; 3ZE2; 4CAK; 4G1E; 4G1M; 4MMX; 4MMY; 4MMZ; 4O02,,ITGB3,HGNC:6156,Humans,DB00054; DB00063; DB00098; DB05787
1159,P-selectin,SELP,183389,M60234,P16109,LYAM3_HUMAN,1FSB; 1G1Q; 1G1R; 1G1S; 1HES; 1KJD,,SELP,HGNC:10721,Humans,DB15271
1161,Endothelial protein C receptor,PROCR,565268,L35545,Q9UNN8,EPCR_HUMAN,1L8J; 1LQV; 3JTC; 4V3D; 4V3E,,PROCR,HGNC:9452,Humans,DB00055
1164,Toll-like receptor 2,TLR2,3132528,AF051152,O60603,TLR2_HUMAN,1FYW; 1FYX; 1O77; 2Z7X; 2Z80,,TLR2,HGNC:11848,Humans,DB00045; DB11601
1170,Annexin A2,ANXA2,219910,D00017,P07355,ANXA2_HUMAN,1W7B; 1XJL; 2HYU; 2HYV; 2HYW; 4DRW; 4FTG; 4HRH,,ANXA2,HGNC:537,Humans,DB00031; DB06245
1171,Toll-like receptor 9,TLR9,8099652,AF259262,Q9NR96,TLR9_HUMAN,"",,TLR9,HGNC:15633,Humans,DB05530
1178,Tissue factor,F3,339504,M16553,P13726,TF_HUMAN,1AHW; 1BOY; 1DAN; 1FAK; 1J9C; 1JPS; 1NL8; 1O5D; 1TFH; 1UJ3; 1W0Y; 1W2K; 1WQV; 1WSS; 1WTG; 1WUN; 1WV7; 1Z6J; 2A2Q; 2AEI; 2AER; 2B7D; 2B8O; 2C4F; 2CEF; 2CEH; 2CEZ; 2CFJ; 2EC9; 2F9B; 2FIR; 2FLB; 2FLR; 2HFT; 2PUQ; 2ZP0; 2ZWL; 2ZZU; 3ELA; 3TH2; 3TH3; 3TH4; 4IBL; 4M7L,,F3,HGNC:3541,Humans,DB00036; DB06552; DB13150
1180,Fibronectin,FN1,12053817,AJ276395,P02751,FINC_HUMAN,1E88; 1E8B; 1FBR; 1FNA; 1FNF; 1FNH; 1J8K; 1O9A; 1OWW; 1Q38; 1QGB; 1QO6; 1TTF; 1TTG; 2CG6; 2CG7; 2CK2; 2CKU; 2EC3; 2FN2; 2FNB; 2GEE; 2H41; 2H45; 2HA1; 2N1K; 2OCF; 2RKY; 2RKZ; 2RL0; 3CAL; 3EJH; 3GXE; 3M7P; 3MQL; 3R8Q; 3T1W; 3ZRZ; 4GH7; 4JE4; 4JEG; 4LXO; 4MMX; 4MMY; 4MMZ; 4PZ5,,FN1,HGNC:3778,Humans,DB06245; DB08888
1183,Insulin-degrading enzyme,IDE,184556,M21188,P14735,IDE_HUMAN,2G47; 2G48; 2G49; 2G54; 2G56; 2JBU; 2JG4; 2WBY; 2WC0; 2WK3; 2YPU; 3CWW; 3E4A; 3E4Z; 3E50; 3H44; 3HGZ; 3N56; 3N57; 3OFI; 3QZ2; 4DTT; 4DWK; 4GS8; 4GSC; 4GSF; 4IFH; 4IOF; 4LTE; 4M1C; 4NXO; 4PES; 4PF7; 4PF9; 4PFC; 4Q5Z; 4QIA; 4RAL; 4RE9,,IDE,HGNC:5381,Humans,DB00071
1185,Quinone oxidoreductase,CRYZ,292415,L13278,Q08257,QOR_HUMAN,1YB5,,CRYZ,HGNC:2419,Humans,DB14009
1186,Transient receptor potential cation channel subfamily M member 8,TRPM8,20147036,AY090109,Q7Z2W7,TRPM8_HUMAN,"",,TRPM8,HGNC:17961,Humans,DB14009
1196,Tumor necrosis factor receptor superfamily member 5,CD40,29851,X60592,P25942,TNR5_HUMAN,1CDF; 1CZZ; 1D00; 1FLL; 1LB6; 3QD6,,CD40,HGNC:11919,Humans,DB06360; DB12589
1203,Fibroblast growth factor receptor 4,FGFR4,31372,X57205,P22455,FGFR4_HUMAN,1QCT; 4QQ5; 4QQC; 4QQJ; 4QQT; 4QRC; 4R6V; 4TYE; 4TYG; 4TYI; 4TYJ; 4UXQ; 4XCU,,FGFR4,HGNC:3691,Humans,DB00039
1207,Catalase,CAT,1228085,X04085,P04040,CATA_HUMAN,1DGB; 1DGF; 1DGG; 1DGH; 1F4J; 1QQW,,CAT,HGNC:1516,Humans,DB14009
1208,Interleukin-5,IL5,33836,X04688,P05113,IL5_HUMAN,1HUL; 3QT2; 3VA2,,IL5,HGNC:6016,Humans,DB06602; DB06612
1263,Botulinum neurotoxin type B,botB,144735,M81186,P10844,BXB_CLOBO,1EPW; 1F31; 1F82; 1G9A; 1G9B; 1G9C; 1G9D; 1I1E; 1S0B; 1S0C; 1S0D; 1S0E; 1S0F; 1S0G; 1Z0H; 2ETF; 2NM1; 2NP0; 2XHL; 3ZUQ; 4KBB,,,,Clostridium botulinum,DB13903
1313,Uric acid degradation bifunctional protein,uao,12082301,AB048366,Q45697,PUCL_BACSB,1J2G; 3WLV,,,,Bacillus sp. (strain TB-90),DB05321
1411,Tetanus toxin,tetX,40770,X04436,P04958,TETX_CLOTE,1A8D; 1AF9; 1D0H; 1DFQ; 1DIW; 1DLL; 1FV2; 1FV3; 1YVG; 1YXW; 1YYN; 1Z7H; 3HMY; 3HN1; 4J1L,,,,Clostridium tetani (strain Massachusetts / E88),DB11604
1529,Complement C1s subcomponent,C1S,763110,X06596,P09871,C1S_HUMAN,1ELV; 1NZI; 4J1Y; 4LMF; 4LOR; 4LOS; 4LOT,,C1S,HGNC:1247,Humans,DB06404; DB09228
1640,"Phospholipase A2, membrane associated",PLA2G2A,190889,M22430,P14555,PA2GA_HUMAN,1AYP; 1BBC; 1DB4; 1DB5; 1DCY; 1J1A; 1KQU; 1KVO; 1N28; 1N29; 1POD; 1POE; 2GNY; 3U8B; 3U8D; 3U8H; 3U8I,,PLA2G2A,HGNC:9031,Humans,DB01381
1656,Suppressor of tumorigenicity 14 protein,ST14,6647302,AF118224,Q9Y5Y6,ST14_HUMAN,1EAW; 1EAX; 2FMV; 2GV6; 2GV7; 3BN9; 3NCL; 3NPS; 3P8F; 3P8G; 3SO3; 4IS5; 4ISL; 4ISN; 4ISO; 4JYT; 4JZ1; 4JZI; 4O97; 4O9V,,ST14,HGNC:11344,Humans,DB00013
1701,Complement factor B,CFB,297569,X72875,P00751,CFAB_HUMAN,1DLE; 1Q0P; 1RRK; 1RS0; 1RTK; 2OK5; 2WIN; 2XWB; 2XWJ; 3HRZ; 3HS0,,CFB,HGNC:1037,Humans,DB06503
1739,Trypsin-1,PRSS1,521216,M22612,P07477,TRY1_HUMAN,1FXY; 1TRN; 2RA3; 4WWY; 4WXV,,PRSS1,HGNC:9475,Humans,DB06692
1861,TGF-beta receptor type-2,TGFBR2,339570,M85079,P37173,TGFR2_HUMAN,1KTZ; 1M9Z; 1PLO; 2PJY; 3KFD; 4P7U; 4XJJ,,TGFBR2,HGNC:11773,Humans,DB10770; DB10772
2091,Fibrinogen beta chain,FGB,182430,J00129,P02675,FIBB_HUMAN,1FZA; 1FZB; 1FZC; 1FZE; 1FZF; 1FZG; 1LT9; 1LTJ; 1N86; 1N8E; 1RE3; 1RE4; 1RF0; 1RF1; 2A45; 2FFD; 2H43; 2HLO; 2HOD; 2HPC; 2OYH; 2OYI; 2Q9I; 2XNX; 2XNY; 2Z4E; 3BVH; 3E1I; 3GHG; 3H32; 3HUS,,FGB,HGNC:3662,Humans,DB04919; DB11300; DB11311; DB11571; DB11572; DB13151
2092,Fibrinogen gamma chain,FGG,182439,M10014,P02679,FIBG_HUMAN,1DUG; 1FIB; 1FIC; 1FID; 1FZA; 1FZB; 1FZC; 1FZE; 1FZF; 1FZG; 1LT9; 1LTJ; 1N86; 1N8E; 1RE3; 1RE4; 1RF0; 1RF1; 2A45; 2FFD; 2FIB; 2H43; 2HLO; 2HOD; 2HPC; 2HWL; 2OYH; 2OYI; 2Q9I; 2VDO; 2VDP; 2VDQ; 2VDR; 2VR3; 2XNX; 2XNY; 2Y7L; 2Z4E; 3BVH; 3E1I; 3FIB; 3GHG; 3H32; 3HUS; 4B60,,FGG,HGNC:3694,Humans,DB11300; DB11571; DB11572
2093,Complement C1r subcomponent,C1R,29539,X04701,P00736,C1R_HUMAN,1APQ; 1GPZ; 1MD7; 1MD8; 2QY0,,C1R,HGNC:1246,Humans,DB00110; DB00111; DB06404; DB09228
2094,Complement C1q subcomponent subunit A,C1QA,4894854,AF135157,P02745,C1QA_HUMAN,1PK6; 2JG8; 2JG9; 2WNU; 2WNV,,C1QA,HGNC:1241,Humans,DB00002; DB00110; DB00111; DB00112
2095,Complement C1q subcomponent subunit B,C1QB,573114,X03084,P02746,C1QB_HUMAN,1PK6; 2JG8; 2JG9; 2WNU; 2WNV,,C1QB,HGNC:1242,Humans,DB00002; DB00110; DB00111; DB00112
2096,Complement C1q subcomponent subunit C,C1QC,33150626,AF087892,P02747,C1QC_HUMAN,1PK6; 2JG8; 2JG9; 2WNU; 2WNV,,C1QC,HGNC:1245,Humans,DB00002; DB00110; DB00111; DB00112
2097,Low affinity immunoglobulin gamma Fc region receptor III-A,FCGR3A,31324,X52645,P08637,FCG3A_HUMAN,3AY4; 3SGJ; 3SGK; 3WN5; 5BW7,,FCGR3A,HGNC:3619,Humans,DB00002; DB00005; DB00028; DB00056; DB00087; DB00092; DB00110; DB00111; DB00112; DB06607; DB11767; DB12023
2098,Low affinity immunoglobulin gamma Fc region receptor II-a,FCGR2A,182474,M31932,P12318,FCG2A_HUMAN,1FCG; 1H9V; 3D5O; 3RY4; 3RY5; 3RY6,,FCGR2A,HGNC:3616,Humans,DB00002; DB00005; DB00028; DB00054; DB00087; DB00111; DB00112; DB06607; DB11767
2099,Low affinity immunoglobulin gamma Fc region receptor II-b,FCGR2B,4099445,U87560,P31994,FCG2B_HUMAN,2FCB; 3WJJ,,FCGR2B,HGNC:3618,Humans,DB00005; DB00028; DB00054; DB00081; DB00087; DB00098; DB00110; DB00111; DB00112; DB11767
2100,Low affinity immunoglobulin gamma Fc region receptor II-c,FCGR2C,32074,X17652,P31995,FCG2C_HUMAN,3WJL,,FCGR2C,HGNC:15626,Humans,DB00005; DB00028; DB00087; DB00111; DB00112
2102,Cytokine receptor common subunit gamma,IL2RG,219890,D11086,P31785,IL2RG_HUMAN,1ILL; 1ILM; 1ILN; 1ITE; 2B5I; 2ERJ; 3BPL; 3QAZ; 3QB7; 4GS7,,IL2RG,HGNC:6010,Humans,DB00004; DB00041
2103,Laminin subunit alpha-5,LAMA5,12274842,AL354836,O15230,LAMA5_HUMAN,"",,LAMA5,HGNC:6485,Humans,DB06245
2104,Tetranectin,CLEC3B,37409,X64559,P05452,TETN_HUMAN,1HTN; 1RJH; 1TN3; 3L9J,,CLEC3B,HGNC:11891,Humans,DB00031; DB06245
2105,"Keratin, type II cytoskeletal 8",KRT8,181573,M34482,P05787,K2C8_HUMAN,"",,KRT8,HGNC:6446,Humans,DB00031; DB06245
2106,Laminin subunit beta-1,LAMB1,186913,M61951,P07942,LAMB1_HUMAN,"",,LAMB1,HGNC:6486,Humans,DB06245
2107,Laminin subunit gamma-1,LAMC1,186964,M55210,P11047,LAMC1_HUMAN,"",,LAMC1,HGNC:6492,Humans,DB06245
2108,Laminin subunit alpha-1,LAMA1,34226,X58531,P25391,LAMA1_HUMAN,"",,LAMA1,HGNC:6481,Humans,DB06245
2109,Calreticulin,CALR,337487,M32294,P27797,CALR_HUMAN,2CLR; 3DOW; 3POS; 3POW,,CALR,HGNC:1455,Humans,DB00025; DB00031; DB06245; DB13998; DB13999
2110,Prolow-density lipoprotein receptor-related protein 1,LRP1,34339,X13916,Q07954,LRP1_HUMAN,1CR8; 1D2L; 1J8E; 2FYJ; 2FYL; 2KNX; 2KNY,,LRP1,HGNC:6692,Humans,DB00025; DB00031; DB00100; DB06245; DB13152; DB13998; DB13999
2111,Laminin subunit alpha-3,LAMA3,551597,L34155,Q16787,LAMA3_HUMAN,"",,LAMA3,HGNC:6483,Humans,DB06245
2112,Plasma serine protease inhibitor,SERPINA5,180550,J02639,P05154,IPSP_HUMAN,1LQ8; 1PAI; 2HI9; 2OL2; 2PAI; 3DY0,,SERPINA5,HGNC:8723,Humans,DB00013; DB00055
2113,Nidogen-1,NID1,189209,M30269,P14543,NID1_HUMAN,1NDX,,NID1,HGNC:7821,Humans,DB00013
2114,Bone marrow proteoglycan,PRG2,34476,Y00809,P13727,PRG2_HUMAN,1H8U; 2BRS; 4QXX,,PRG2,HGNC:9362,Humans,DB00020; DB06752
2115,Cytokine receptor common subunit beta,CSF2RB,487425,M59941,P32927,IL3RB_HUMAN,1C8P; 1EGJ; 1GH7; 2GYS; 4NKQ,,CSF2RB,HGNC:2436,Humans,DB00020
2116,Syndecan-2,SDC2,386787,J04621,P34741,SDC2_HUMAN,"",,SDC2,HGNC:10659,Humans,DB00020
2117,"Phytanoyl-CoA dioxygenase, peroxisomal",PHYH,2564671,AF023462,O14832,PAHX_HUMAN,2A1X,,PHYH,HGNC:8940,Humans,DB00025; DB13998; DB13999
2118,Asialoglycoprotein receptor 2,ASGR2,179081,M11025,P07307,ASGR2_HUMAN,"",,ASGR2,HGNC:743,Humans,DB00025; DB13998; DB13999
2119,Protein ERGIC-53,LMAN1,433938,X71661,P49257,LMAN1_HUMAN,3A4U; 3LCP; 3WHT; 3WHU; 3WNX; 4GKX; 4GKY,,LMAN1,HGNC:6631,Humans,DB00025; DB13998; DB13999
2120,Multiple coagulation factor deficiency protein 2,MCFD2,20799383,AF475284,Q8NI22,MCFD2_HUMAN,2VRG; 3A4U; 3LCP; 3WHT; 3WHU; 3WNX,,MCFD2,HGNC:18451,Humans,DB00025; DB13998; DB13999
2122,"HLA class II histocompatibility antigen, DQ alpha 2 chain",HLA-DQA2,493166,M29615,P01906,DQA2_HUMAN,"",,HLA-DQA2,HGNC:4943,Humans,DB00071
2123,Retinoblastoma-associated protein,RB1,190959,M15400,P06400,RB_HUMAN,1AD6; 1GH6; 1GUX; 1H25; 1N4M; 1O9K; 1PJM; 2AZE; 2QDJ; 2R7G; 3N5U; 3POM; 4CRI; 4ELJ; 4ELL,,RB1,HGNC:9884,Humans,DB00030; DB00071
2124,Neuroendocrine convertase 2,PCSK2,189652,J05252,P16519,NEC2_HUMAN,"",,PCSK2,HGNC:8744,Humans,DB00071
2125,Neuroendocrine convertase 1,PCSK1,35318,X64810,P29120,NEC1_HUMAN,"",,PCSK1,HGNC:8743,Humans,DB00071
2126,Insulin-like growth factor-binding protein 7,IGFBP7,307151,L19182,Q16270,IBP7_HUMAN,"",,IGFBP7,HGNC:5476,Humans,DB00071
2127,Synaptotagmin-like protein 4,SYTL4,21753104,AK094110,Q96C24,SYTL4_HUMAN,2CSZ; 3FDW,,SYTL4,HGNC:15588,Humans,DB00071
2129,Neuropilin-1,NRP1,2407641,AF018956,O14786,NRP1_HUMAN,1KEX; 2QQI; 2QQM; 2QQN; 3I97; 4DEQ; 4RN5,,NRP1,HGNC:8004,Humans,DB00039; DB04895
2130,Collagen alpha-1(III) chain,COL3A1,30058,X14420,P02461,CO3A1_HUMAN,2V53; 3DMW; 4AE2; 4AEJ; 4AK3; 4GYX,,COL3A1,HGNC:2201,Humans,DB00048
2131,Fibroblast growth factor receptor 1,FGFR1,31368,X51803,P11362,FGFR1_HUMAN,1AGW; 1CVS; 1EVT; 1FGI; 1FGK; 1FQ9; 1XR0; 2CR3; 2FGI; 3C4F; 3DPK; 3GQI; 3GQL; 3JS2; 3KRJ; 3KRL; 3KXX; 3KY2; 3OJV; 3RHX; 3TT0; 3WJ6; 4F63; 4F64; 4F65; 4NK9; 4NKA; 4NKS; 4RWI; 4RWJ; 4RWK; 4RWL; 4UWB; 4UWC; 4UWY; 4V01; 4V04; 4V05; 4WUN; 4ZSA; 5A46; 5A4C; 5AM6; 5AM7,,FGFR1,HGNC:3688,Humans,DB00039
2133,Fibroblast growth factor receptor 3,FGFR3,182569,M58051,P22607,FGFR3_HUMAN,1RY7; 2LZL; 4K33,,FGFR3,HGNC:3690,Humans,DB00039
2134,Glucagon-like peptide 2 receptor,GLP2R,4324491,AF105367,O95838,GLP2R_HUMAN,"",,GLP2R,HGNC:4325,Humans,DB00040; DB08900
2136,Vesicle-associated membrane protein 1,VAMP1,338625,M36200,P23763,VAMP1_HUMAN,"",,VAMP1,HGNC:12642,Humans,DB00042
2137,Vesicle-associated membrane protein 2,VAMP2,338632,M36205,P63027,VAMP2_HUMAN,3FIE; 3FII; 3RK2; 3RK3; 3RL0,,VAMP2,HGNC:12643,Humans,DB00042
2138,Synaptotagmin-2,SYT2,21748879,AK090672,Q8N9I0,SYT2_HUMAN,"",,SYT2,HGNC:11510,Humans,DB00042
2139,High affinity immunoglobulin epsilon receptor subunit beta,MS4A2,219882,D10583,Q01362,FCERB_HUMAN,"",,MS4A2,HGNC:7316,Humans,DB00043
2140,Collagen alpha-1(II) chain,COL2A1,29516,X16468,P02458,CO2A1_HUMAN,1U5M; 2FSE; 2SEB,,COL2A1,HGNC:2200,Humans,DB00048
2141,Collagen alpha-2(I) chain,COL1A2,179596,J03464,P08123,CO1A2_HUMAN,"",,COL1A2,HGNC:2198,Humans,DB00048
2142,Serpin B6,SERPINB6,297412,Z22658,P35237,SPB6_HUMAN,"",,SERPINB6,HGNC:8950,Humans,DB00055
2194,Fatty-acid amide hydrolase 1,FAAH,2149156,U82535,O00519,FAAH1_HUMAN,"",,FAAH,HGNC:3553,Humans,DB14009
2196,Amine oxidase [flavin-containing] B,MAOB,398415,S62734,P27338,AOFB_HUMAN,1GOS; 1H8R; 1OJ9; 1OJA; 1OJC; 1OJD; 1S2Q; 1S2Y; 1S3B; 1S3E; 2BK3; 2BK4; 2BK5; 2BYB; 2C64; 2C65; 2C66; 2C67; 2C70; 2C72; 2C73; 2C75; 2C76; 2V5Z; 2V60; 2V61; 2VRL; 2VRM; 2VZ2; 2XCG; 2XFN; 2XFO; 2XFP; 2XFQ; 2XFU; 3PO7; 3ZYX; 4A79; 4A7A; 4CRT,,MAOB,HGNC:6834,Humans,DB01363
2198,Amine oxidase [flavin-containing] A,MAOA,187353,M68840,P21397,AOFA_HUMAN,1H8Q; 2BXR; 2BXS; 2Z5X; 2Z5Y,,MAOA,HGNC:6833,Humans,DB01363
2304,N-arachidonyl glycine receptor,GPR18,1066731,L42324,Q14330,GPR18_HUMAN,"",,GPR18,HGNC:4472,Humans,DB14009
2341,Neuronal acetylcholine receptor subunit alpha-7,CHRNA7,496607,X70297,P36544,ACHA7_HUMAN,2MAW; 5AFH; 5AFJ; 5AFK; 5AFL; 5AFM; 5AFN,,CHRNA7,HGNC:1960,Humans,DB14009
2346,Gamma-aminobutyric acid receptor subunit beta-2,GABRB2,455946,S67368,P47870,GBRB2_HUMAN,"",,GABRB2,HGNC:4082,Humans,DB01381
2370,Calcitonin gene-related peptide 2,CALCB,,BC092468,P10092,CALCB_HUMAN,"",,CALCB,HGNC:1438,Humans,DB14040; DB14041; DB14042
2375,Prostaglandin E2 receptor EP3 subtype,PTGER3,,S69200,P43115,PE2R3_HUMAN,"",,PTGER3,HGNC:9595,Humans,DB11113
2380,Low calcium response locus protein V,pcrV,,AF010149,O30527,O30527_PSEAI,"",,,,Pseudomonas aeruginosa,DB05222
2387,Nuclear factor NF-kappa-B p100 subunit,NFKB2,,X61498,Q00653,NFKB2_HUMAN,1A3Q; 2D96; 3DO7; 4OT9,,NFKB2,HGNC:7795,Humans,DB05471
2389,Rhesus blood group D antigen,RHD,150246790,AM491130,A6PZ59,A6PZ59_HUMAN,"",,,,Humans,DB05209; DB11597
2390,Superoxide dismutase [Cu-Zn],SOD1,,L44139,P00441,SODC_HUMAN,1AZV; 1BA9; 1DSW; 1FUN; 1HL4; 1HL5; 1KMG; 1L3N; 1MFM; 1N18; 1N19; 1OEZ; 1OZT; 1OZU; 1P1V; 1PTZ; 1PU0; 1RK7; 1SOS; 1SPD; 1UXL; 1UXM; 2AF2; 2C9S; 2C9U; 2C9V; 2GBT; 2GBU; 2GBV; 2LU5; 2MP3; 2NNX; 2R27; 2V0A; 2VR6; 2VR7; 2VR8; 2WKO; 2WYT; 2WYZ; 2WZ0; 2WZ5; 2WZ6; 2XJK; 2XJL; 2ZKW; 2ZKX; 2ZKY; 3CQP; 3CQQ; 3ECU; 3ECV; 3ECW; 3GQF; 3GTV; 3GZO; 3GZP; 3GZQ; 3H2P; 3H2Q; 3HFF; 3K91; 3KH3; 3KH4; 3LTV; 3QQD; 3RE0; 3T5W; 4A7G; 4A7Q; 4A7S; 4A7T; 4A7U; 4A7V; 4B3E; 4BCY; 4BCZ; 4BD4; 4FF9; 4MCM; 4MCN; 4NIN; 4NIO; 4NIP; 4OH2; 4SOD,,SOD1,HGNC:11179,Humans,DB14009
2402,40S ribosomal protein SA,RPSA,,J03799,P08865,RSSA_HUMAN,3BCH; 4UG0; 4V6X; 5A2Q; 5AJ0,,RPSA,HGNC:6502,Humans,DB04985
2416,"HLA class II histocompatibility antigen, DRB1-1 beta chain",HLA-DRB1,,M11161,P04229,2B11_HUMAN,1AQD; 1DLH; 1FYT; 1HXY; 1JWM; 1JWS; 1JWU; 1KG0; 1KLG; 1KLU; 1LO5; 1PYW; 1R5I; 1SEB; 1SJE; 1SJH; 1T5W; 1T5X; 2FSE; 2G9H; 2IAM; 2IAN; 2ICW; 2IPK; 2OJE; 2XN9; 3L6F; 3PDO; 3PGC; 3PGD; 3QXA; 3QXD; 3S4S; 3S5L; 4AEN; 4AH2; 4C56; 4E41; 4FQX; 4GBX; 4I5B; 4OV5,,HLA-DRB1,HGNC:4948,Humans,DB05259
2420,Interleukin-4 receptor subunit alpha,IL4R,,X52425,P24394,IL4RA_HUMAN,1IAR; 1IRS; 1ITE; 3BPL; 3BPN; 3BPO,,IL4R,HGNC:6015,Humans,DB12159
2426,Atrial natriuretic peptide receptor 3,NPR3,,X52282,P17342,ANPRC_HUMAN,1JDN; 1JDP; 1YK0; 1YK1,,NPR3,HGNC:7945,Humans,DB04899
2427,HBsAg,S gene,,X75668,Q69600,Q69600_HBV,"",,,,HBV,DB05276
2437,Carbonic anhydrase 9,CA9,,X66839,Q16790,CAH9_HUMAN,2HKF; 3IAI; 5FL4; 5FL5; 5FL6,,CA9,HGNC:1383,Humans,DB05304
2438,Interleukin-13,IL13,,X69079,P35225,IL13_HUMAN,1GA3; 1IJZ; 1IK0; 1J9U; 3BPO; 3G6D; 3ITR; 3ITS; 3L5W; 3L5X; 3LB6; 4I77; 4PS4,,IL13,HGNC:5973,Humans,DB05305; DB11914
2439,Mucin-16,MUC16,,AF414442,Q8WXI7,MUC16_HUMAN,"",,MUC16,HGNC:15582,Humans,DB04964
2440,Plasma kallikrein,KLKB1,,M13143,P03952,KLKB1_HUMAN,2ANW; 2ANY; 4OGX; 4OGY; 4ZJ4; 4ZJ5; 4ZJ6,,KLKB1,HGNC:6371,Humans,DB05311; DB06404; DB09228; DB14597
2446,Epithelial cell adhesion molecule,EPCAM,,M32325,P16422,EPCAM_HUMAN,4MZV,,TACSTD1,HGNC:11529,Humans,DB05319; DB06607
2449,Telomerase reverse transcriptase,TERT,,AF015950,O14746,TERT_HUMAN,2BCK; 4B18; 4MNQ,,TERT,HGNC:11730,Humans,DB12747
2455,Glioma pathogenesis-related protein 1,GLIPR1,,U16307,P48060,GLIP1_HUMAN,3Q2R; 3Q2U,,GLIPR1,HGNC:17001,Humans,DB05337
2459,"Keratin, type II cytoskeletal 7",KRT7,,AJ238246,P08729,K2C7_HUMAN,4XIF,,KRT7,HGNC:6445,Humans,DB04959
2460,E3 ubiquitin-protein ligase UBR4,UBR4,,AF348492,Q5T4S7,UBR4_HUMAN,"",,ZUBR1,HGNC:30313,Humans,DB04959
2468,Voltage-dependent anion-selective channel protein 1,VDAC1,,L06132,P21796,VDAC1_HUMAN,2JK4; 2K4T,,VDAC1,HGNC:12669,Humans,DB14009
2477,Carcinoembryonic antigen,,,Z21818,Q14081,Q14081_HUMAN,"",,,,Humans,DB13979
2482,GM-CSF receptor alpha subunit,CSF2RA,,S48539,Q16498,Q16498_HUMAN,"",,CSF2RA,,Humans,DB05386
2484,Interleukin-10,IL10,,M57627,P22301,IL10_HUMAN,1ILK; 1INR; 1J7V; 1LK3; 1Y6K; 2H24; 2ILK,,IL10,HGNC:5962,Humans,DB05771
2859,Interleukin-6 receptor subunit alpha,IL6R,"",X12830,P08887,IL6RA_HUMAN,1N26; 1N2Q; 1P9M; 2ARW,,IL6R,HGNC:6019,Humans,DB06273; DB11767
3090,Focal adhesion kinase 1,PTK2,"",L13616,Q05397,FAK1_HUMAN,1K04; 1K05; 1MP8; 1OW6; 1OW7; 1OW8; 2ETM; 2IJM; 2RA7; 3B71; 3BZ3; 3PXK; 3S9O; 4EBV; 4EBW; 4GU6; 4GU9; 4I4E; 4I4F; 4K8A; 4K9Y; 4KAB; 4KAO; 4NY0; 4Q9S,,PTK2,HGNC:9611,Humans,DB06423
3148,Placenta growth factor,PGF,"",BC007255,P49763,PLGF_HUMAN,1FZV; 1RV6,,PGF,HGNC:8893,Humans,DB08885
3223,Anthrax toxin receptor 2,ANTXR2,"",AY233452,P58335,ANTR2_HUMAN,1SHT; 1SHU; 1T6B; 1TZN,,ANTXR2,HGNC:21732,Humans,DB05945
3309,Parathyroid hormone,PTH,"",V00597,P01270,PTHY_HUMAN,1BWX; 1ET1; 1ET2; 1FVY; 1HPH; 1HPY; 1HTH; 1ZWA; 1ZWB; 1ZWD; 1ZWE; 1ZWF; 1ZWG; 2L1X; 3C4M,,PTH,HGNC:9606,Humans,DB05883
3344,Envelope glycoprotein gp160,env,"","",P35961,ENV_HV1Y2,1G9N; 1RZK; 1YYL; 1YYM; 2I5Y; 2I60; 2NY7; 2QAD; 3HI1; 3TGQ; 4DVR; 4JO3; 4JZW; 4JZZ; 4K0A; 4KA2; 4LAJ; 4R4F; 4RQS; 4RWY; 5A7X; 5A8H,,"",,,DB11854
3376,Leptin receptor,LEPR,,U43168,P48357,LEPR_HUMAN,3V6O,,LEPR,HGNC:6554,Humans,DB09046
3387,C-C chemokine receptor type 2,CCR2,,U03882,P41597,CCR2_HUMAN,1KAD; 1KP1,,CCR2,HGNC:1603,Humans,DB12520
3389,Eotaxin,CCL11,,U46573,P51671,CCL11_HUMAN,1EOT; 2EOT; 2MPM,,CCL11,HGNC:10610,Humans,DB05429
3399,Free fatty acid receptor 4,FFAR4,,AY288417,Q5NUL3,FFAR4_HUMAN,"",,GPR120,HGNC:19061,Humans,DB05793; DB13961
3403,Cadherin-5,CDH5,,X79981,P33151,CADH5_HUMAN,"",,CDH5,HGNC:1764,Humans,DB05685
3405,Folate receptor alpha,FOLR1,,M28099,P15328,FOLR1_HUMAN,4KM6; 4KM7; 4KMX; 4LRH,,FOLR1,HGNC:3791,Humans,DB05595
3406,BCR/ABL p210 fusion protein,BCR/ABL fusion,,EF158045,A1Z199,A1Z199_HUMAN,"",,,,Humans,DB05164
3407,Carboxypeptidase B2,CPB2,,M75106,Q96IY4,CBPB2_HUMAN,3D66; 3D67; 3D68; 3LMS; 4P10,,CPB2,HGNC:2300,Humans,DB11311
3411,Platelet-derived growth factor D,PDGFD,,AB033832,Q9GZP0,PDGFD_HUMAN,"",,PDGFD,HGNC:30620,Humans,DB05139
3414,Integrin beta-7,ITGB7,,S80335,P26010,ITB7_HUMAN,2BRQ; 3V4P; 3V4V,,ITGB7,HGNC:6162,Humans,DB09033
3415,Interleukin-23 subunit alpha,IL23A,,AF301620,Q9NPF7,IL23A_HUMAN,3D85; 3D87; 3DUH; 3QWR; 4GRW; 4OE8; 4OG9,,IL23A,HGNC:15488,Humans,DB05459; DB11834
3416,Transient receptor potential cation channel subfamily V member 3,TRPV3,,AJ487035,Q8NET8,TRPV3_HUMAN,"",,TRPV3,HGNC:18084,Humans,DB14009
3422,Far upstream element-binding protein 1,FUBP1,,U05040,Q96AE4,FUBP1_HUMAN,1J4W; 2KXH; 4LIJ,,FUBP1,HGNC:4004,Humans,DB12893
3424,cAMP-dependent protein kinase type II-alpha regulatory subunit,PRKAR2A,,X14968,P13861,KAP2_HUMAN,2IZX; 2KYG,,PRKAR2A,HGNC:9391,Humans,DB05798
3425,cAMP-dependent protein kinase type I-alpha regulatory subunit,PRKAR1A,,M18468,P10644,KAP0_HUMAN,"",,PRKAR1A,HGNC:9388,Humans,DB05798
3426,Type-2 angiotensin II receptor,AGTR2,,U20860,P50052,AGTR2_HUMAN,"",,AGTR2,HGNC:338,Humans,DB05739
3433,Tumor necrosis factor receptor superfamily member 10B,TNFRSF10B,,AF016849,O14763,TR10B_HUMAN,1D0G; 1D4V; 1DU3; 1ZA3; 2H9G; 4I9X; 4N90; 4OD2,,TNFRSF10B,HGNC:11905,Humans,DB05895; DB06599
3435,Growth/differentiation factor 8,MSTN,,AF019627,O14793,GDF8_HUMAN,"",,MSTN,HGNC:4223,Humans,DB05915
3436,Programmed cell death protein 1,PDCD1,,L27440,Q15116,PDCD1_HUMAN,2M2D; 3RRQ; 4ZQK,,PDCD1,HGNC:8760,Humans,DB05916; DB09035; DB09037; DB14707
3440,Thrombopoietin receptor,MPL,,M90102,P40238,TPOR_HUMAN,"",,MPL,HGNC:7217,Humans,DB05332; DB06534
3441,Programmed cell death 1 ligand 1,CD274,,BC113736,Q9NZQ7,PD1L1_HUMAN,3BIK; 3BIS; 3FN3; 3SBW; 4Z18; 4ZQK; 5C3T,,CD274,HGNC:17635,Humans,DB11595; DB11714; DB11945
3447,Anthrax toxin receptor 1,ANTXR1,,BC012074,Q9H6X2,ANTR1_HUMAN,3N2N,,ANTXR1,HGNC:21014,Humans,DB05945
3450,Interferon alpha-2,IFNA2,,M29883,P01563,IFNA2_HUMAN,1ITF; 1RH2; 2HIE; 2HYM; 2KZ1; 2LAG; 2LMS; 3S9D; 3SE3; 4YPG; 4Z5R,,IFNA2,HGNC:5423,Humans,DB12773
3455,Complement C3,C3,,AY513239,P01024,CO3_HUMAN,1C3D; 1GHQ; 1W2S; 2A73; 2A74; 2GOX; 2HR0; 2I07; 2ICE; 2ICF; 2NOJ; 2QKI; 2WII; 2WIN; 2WY7; 2WY8; 2XQW; 2XWB; 2XWJ; 3D5R; 3D5S; 3G6J; 3L3O; 3L5N; 3NMS; 3OED; 3OHX; 3OXU; 3RJ3; 3T4A; 4HW5; 4HWJ; 4I6O; 4M76; 4ONT,,C3,HGNC:1318,Humans,DB00028; DB06492
3456,T-cell surface glycoprotein CD3 delta chain,CD3D,,X01451,P04234,CD3D_HUMAN,1XIW,,CD3D,HGNC:1673,Humans,DB00075; DB09052
3457,T-cell surface glycoprotein CD3 gamma chain,CD3G,,BC113830,P09693,CD3G_HUMAN,1SY6,,CD3G,HGNC:1675,Humans,DB00075
3458,T-cell surface glycoprotein CD3 zeta chain,CD247,,BC025703,P20963,CD3Z_HUMAN,1TCE; 1YGR; 2HAC; 2OQ1; 3IK5; 3IOZ; 4XZ1,,CD247,HGNC:1677,Humans,DB00075
3459,Mesothelin,MSLN,,AF180951,Q13421,MSLN_HUMAN,4F3F,,MSLN,HGNC:7371,Humans,DB12845
3463,Tumor necrosis factor receptor superfamily member 9,TNFRSF9,,BC006196,Q07011,TNR9_HUMAN,"",,TNFRSF9,HGNC:11924,Humans,DB12077
3464,IL13 protein,IL13,,BC096138,Q4VB53,Q4VB53_HUMAN,"",,IL13,,Humans,DB11914
3465,Low affinity immunoglobulin epsilon Fc receptor,FCER2,,BC062591,P06734,FCER2_HUMAN,1HLI; 1KJE; 1T8C; 1T8D; 2H2R; 2H2T; 4EZM; 4G96; 4G9A; 4GI0; 4GJ0; 4GJX; 4GK1; 4GKO; 4J6J; 4J6K; 4J6L; 4J6M; 4J6N; 4J6P; 4J6Q; 4KI1,,FCER2,HGNC:3612,Humans,DB06162
3471,Interleukin-5 receptor subunit alpha,IL5RA,,AY642135,Q01344,IL5RA_HUMAN,1OBX; 1OBZ; 3QT2; 3VA2,,IL5RA,HGNC:6017,Humans,DB12023
3472,Activin receptor type-2A,ACVR2A,,BC069707,P27037,AVR2A_HUMAN,3Q4T; 3SOC; 4ASX,,ACVR2A,HGNC:173,Humans,DB12118
3473,Transmembrane glycoprotein NMB,GPNMB,,BC032783,Q14956,GPNMB_HUMAN,"",,GPNMB,HGNC:4462,Humans,DB05996
3479,Tumor necrosis factor receptor superfamily member 8,TNFRSF8,,AY498860,P28908,TNR8_HUMAN,1D01,,TNFRSF8,HGNC:11923,Humans,DB06324; DB08870
3483,"HLA class I histocompatibility antigen, A-3 alpha chain",HLA-A,,AF226843,P04439,1A03_HUMAN,2XPG; 3RL1; 3RL2,,HLA-A,HGNC:4931,Humans,DB06226; DB11294
3483,"HLA class I histocompatibility antigen, A-3 alpha chain",HLA-A,,AF226843,P04439,1A03_HUMAN,2XPG; 3RL1; 3RL2,,HLA-A,HGNC:4931,Humans,DB06226; DB11294
3488,T-cell surface glycoprotein CD4,CD4,,BC025782,P01730,CD4_HUMAN,1CDH; 1CDI; 1CDJ; 1CDU; 1CDY; 1G9M; 1G9N; 1GC1; 1JL4; 1OPN; 1OPT; 1OPW; 1Q68; 1RZJ; 1RZK; 1WBR; 1WIO; 1WIP; 1WIQ; 2B4C; 2JKR; 2JKT; 2KLU; 2NXY; 2NXZ; 2NY0; 2NY1; 2NY2; 2NY3; 2NY4; 2NY5; 2NY6; 2QAD; 3B71; 3CD4; 3J70; 3JWD; 3JWO; 3LQA; 3O2D; 3S4S; 3S5L; 3T0E; 4H8W; 4JM2; 4P9H; 4Q6I; 4R2G; 4R4H; 4RQS; 5A7X; 5A8H,,CD4,HGNC:1678,Humans,DB00098; DB06241; DB12698
3492,SLAM family member 7,SLAMF7,,BC027867,Q9NQ25,SLAF7_HUMAN,"",,SLAMF7,HGNC:21394,Humans,DB06317
3494,Endoglin,ENG,,U37439,P17813,EGLN_HUMAN,"",,ENG,HGNC:3349,Humans,DB06322
3496,B-lymphocyte antigen CD19,CD19,,BC006338,P15391,CD19_HUMAN,"",,CD19,HGNC:1633,Humans,DB06342; DB09052; DB12530; DB13881; DB13915
3498,Collagen alpha-4(IV) chain,COL4A4,,D17391,P53420,CO4A4_HUMAN,"",,COL4A4,HGNC:2206,Humans,DB06356
3501,Mucin-1,MUC1,,M21868,P15941,MUC1_HUMAN,1SM3; 2ACM; 2FO4,,MUC1,HGNC:7508,Humans,DB06584
3507,Prolyl endopeptidase FAP,FAP,,BC026250,Q12884,SEPR_HUMAN,1Z68,,FAP,HGNC:3590,Humans,DB06474
3508,Parathyroid hormone/parathyroid hormone-related peptide receptor,PTH1R,,BC112247,Q03431,PTH1R_HUMAN,1BL1; 1ET2; 1ET3; 3C4M; 3H3G; 3KJ5; 3L2J,,PTHR1,HGNC:9608,Humans,DB05084; DB05829; DB06285
3517,Tumor necrosis factor ligand superfamily member 11,TNFSF11,,AF013171,O14788,TNF11_HUMAN,3URF; 5BNQ,,TNFSF11,HGNC:11926,Humans,DB06511; DB06643
3520,Interleukin-4,IL4,,X06750,P05112,IL4_HUMAN,1BBN; 1BCN; 1CYL; 1HIJ; 1HIK; 1HZI; 1IAR; 1ILL; 1ITE; 1ITI; 1ITL; 1ITM; 1RCB; 2B8U; 2B8X; 2B8Y; 2B8Z; 2B90; 2B91; 2CYK; 2D48; 2INT; 3BPL; 3BPN; 3QB7; 4YDY,,IL4,HGNC:6014,Humans,DB06560
3522,Prostaglandin E2 receptor EP4 subtype,PTGER4,,BC113523,P35408,PE2R4_HUMAN,"",,PTGER4,HGNC:9596,Humans,DB11113
3531,Chymotrypsinogen B,CTRB1,,BC005385,P17538,CTRB1_HUMAN,"",,CTRB1,HGNC:2521,Humans,DB06692
3572,Rho-related GTP-binding protein RhoB,RHOB,36032,X06820,P62745,RHOB_HUMAN,2FV8,,,HGNC:668,Humans,DB00083
3573,Major histocompatibility complex class I-related gene protein,MR1,940354,U22963,Q95460,HMR1_HUMAN,4GUP; 4L4T; 4L4V; 4LCW; 4NQC; 4NQD; 4NQE; 4PJ5; 4PJ7; 4PJ8; 4PJ9; 4PJA; 4PJB; 4PJC; 4PJD; 4PJE; 4PJF; 4PJG; 4PJH; 4PJI; 4PJX,,,HGNC:4975,Humans,DB00098
3575,Integrin beta-1,ITGB1,31442,X07979,P05556,ITB1_HUMAN,1K11; 1LHA; 3G9W; 3T9K; 3VI3; 3VI4; 4DX9; 4WJK; 4WK0; 4WK2; 4WK4,,,HGNC:6153,Humans,DB00098
3576,Integrin alpha-V,ITGAV,340307,M14648,P06756,ITAV_HUMAN,1JV2; 1L5G; 1M1X; 1U8C; 3IJE; 4G1E; 4G1M; 4MMX; 4MMY; 4MMZ; 4O02; 4UM8; 4UM9,,,HGNC:6150,Humans,DB00098
3592,Gamma-aminobutyric acid receptor subunit gamma-2,GABRG2,31637,X15376,P18507,GBRG2_HUMAN,"",,,HGNC:4087,Humans,DB01381
3623,Cation-independent mannose-6-phosphate receptor,IGF2R,33055,Y00285,P11717,MPRI_HUMAN,1E6F; 1GP0; 1GP3; 1GQB; 1JPL; 1JWG; 1LF8; 2CNJ; 2L29; 2L2A; 2M68; 2M6T; 2V5N; 2V5O; 2V5P,,,HGNC:5467,Humans,DB01277; DB13173; DB14751
3997,Phospholipase A2,PLA2G1B,190013,M21054,P04054,PA21B_HUMAN,1YSK; 3ELO,,,HGNC:9030,Humans,DB14009
4082,"HLA class I histocompatibility antigen, B-27 alpha chain",HLA-B,896271,L38504,P01889,1B27_HUMAN,1HSA; 1JGD; 1JGE; 1K5N; 1OF2; 1OGT; 1ROG; 1ROH; 1ROI; 1ROJ; 1ROK; 1ROL; 1UXS; 1UXW; 1W0V; 1W0W; 2A83; 2BSR; 2BSS; 2BST; 3B3I; 3B6S; 3BP4; 3BP7; 3CZF; 3D18; 3DTX; 3HCV; 3LV3; 4G8G; 4G8I; 4G9D; 4G9F,,,HGNC:4932,Humans,DB11294
4101,Botulinum neurotoxin type A,botA,,,P10845,BXA1_CLOBO,1UEE; 1XTF; 1XTG; 2ILP; 2IMA; 2IMB; 2IMC; 2ISE; 2ISG; 2ISH; 2NYY; 2NZ9; 2VU9; 2VUA; 2W2D; 3BOK; 3BON; 3BOO; 3BTA; 3BWI; 3C88; 3C89; 3C8A; 3C8B; 3DDA; 3DDB; 3DS9; 3FUO; 3V0A; 3V0B; 3V0C; 3ZUR; 3ZUS; 4EJ5; 4EL4; 4ELC; 4HEV; 4IQP; 4JRA,,,,Clostridium botulinum,DB13900
4224,Carcinoembryonic antigen-related cell adhesion molecule 5,CEACAM5,180223,M29540,P06731,CEAM5_HUMAN,1E07; 2QSQ; 2QST; 2VER,,,HGNC:1817,Humans,DB05097
4281,Elongation factor 2,EEF2,31106,X51466,P13639,EF2_HUMAN,4V6X,,,HGNC:3214,Humans,DB12688
4466,"HLA class II histocompatibility antigen, DQ beta 1 chain",HLA-DQB1,,,P01920,DQB1_HUMAN,1JK8; 1NBN; 1S9V; 1UVQ; 2NNA; 4GG6; 4OZF; 4OZG; 4OZH; 4OZI,,,HGNC:4944,Humans,DB00071
4494,Cation-dependent mannose-6-phosphate receptor,M6PR,,,P20645,MPRD_HUMAN,1JUQ,,,HGNC:6752,Humans,DB01272
4604,"Lactosylceramide alpha-2,3-sialyltransferase",ST3GAL5,,,Q9UNP4,SIAT9_HUMAN,"",,,HGNC:10872,Humans,DB05867
4672,Coagulation factor XII,F12,,,P00748,FA12_HUMAN,4BDW; 4BDX; 4XDE; 4XE4,,,HGNC:3530,Humans,DB06404; DB09228
4674,Chromaffin granule amine transporter,SLC18A1,,,P54219,VMAT1_HUMAN,"",,,HGNC:10934,Humans,DB01363
4684,High affinity immunoglobulin gamma Fc receptor IB,FCGR1B,,,Q92637,FCGRB_HUMAN,"",,,HGNC:3614,Humans,DB00028
4685,Complement C4-A,C4A,,,P0C0L4,CO4A_HUMAN,1HZF; 4FXG; 4FXK; 4XAM,,,HGNC:1323,Humans,DB00028
4686,Complement C4-B,C4B,,,P0C0L5,CO4B_HUMAN,4XAM,,,HGNC:1324,Humans,DB00028
4703,Parathyroid hormone 2 receptor,PTH2R,,,P49190,PTH2R_HUMAN,"",,,HGNC:9609,Humans,DB05829
4734,Interleukin-1 alpha,IL1A,,,P01583,IL1A_HUMAN,1ITA; 2ILA; 2KKI; 2L5X,,,HGNC:5991,Humans,DB06372
4735,Interleukin-1 receptor antagonist protein,IL1RN,,,P18510,IL1RA_HUMAN,1ILR; 1ILT; 1IRA; 1IRP; 1ITN; 2IRT,,,HGNC:6000,Humans,DB06372
4736,Vascular endothelial growth factor B,VEGFB,,,P49765,VEGFB_HUMAN,2C7W; 2VWE; 2XAC,,,HGNC:12681,Humans,DB08885
4747,Protective antigen,pagA,,,P13423,PAG_BACAN,1ACC; 1T6B; 1TX5; 1TZN; 1TZO; 1V36; 3ETB; 3INO; 3J9C; 3KWV; 3MHZ; 3Q8A; 3Q8B; 3Q8C; 3Q8E; 3Q8F; 3TEW; 3TEX; 3TEY; 3TEZ; 4EE2; 4H2A; 4NAM,,,,Bacillus anthracis,DB08902; DB09057
9877,"HLA class II histocompatibility antigen, DR alpha chain",HLA-DRA,,,P01903,DRA_HUMAN,1A6A; 1AQD; 1BX2; 1D5M; 1D5X; 1D5Z; 1D6E; 1DLH; 1FV1; 1FYT; 1H15; 1HQR; 1HXY; 1J8H; 1JWM; 1JWS; 1JWU; 1KG0; 1KLG; 1KLU; 1LO5; 1PYW; 1R5I; 1SEB; 1SJE; 1SJH; 1T5W; 1T5X; 1YMM; 1ZGL; 2FSE; 2G9H; 2IAM; 2IAN; 2ICW; 2IPK; 2OJE; 2Q6W; 2SEB; 2WBJ; 2XN9; 3C5J; 3L6F; 3O6F; 3PDO; 3PGC; 3PGD; 3QXA; 3QXD; 3S4S; 3S5L; 3T0E; 4AEN; 4AH2; 4C56; 4E41; 4FQX; 4GBX; 4H1L; 4H25; 4H26; 4I5B; 4IS6; 4MCY; 4MCZ; 4MD0; 4MD4; 4MD5; 4MDI; 4MDJ; 4OV5; 4X5W; 4X5X; 4Y19; 4Y1A; 5JLZ; 5LAX; 5NI9; 5NIG; 5V4M; 5V4N; 6ATF; 6ATI; 6ATZ; 6BIJ; 6BIL; 6BIN; 6BIR; 6BIV; 6BIX; 6BIY; 6BIZ; 6CPL; 6CPN; 6CPO; 6CQJ; 6CQL; 6CQN; 6CQQ; 6CQR,,,HGNC:4947,Humans,DB05121; DB11294
9916,"HLA class II histocompatibility antigen, DR beta 3 chain",HLA-DRB3,,,P79483,DRB3_HUMAN,2Q6W; 3C5J; 4H1L,,,HGNC:4951,Humans,DB05121; DB11294
9919,"HLA class II histocompatibility antigen, DR beta 4 chain",HLA-DRB4,,,P13762,DRB4_HUMAN,,,,HGNC:4952,Humans,DB05121; DB11294
9922,"HLA class II histocompatibility antigen, DR beta 5 chain",HLA-DRB5,,,Q30154,DRB5_HUMAN,1FV1; 1H15; 1HQR; 1ZGL,,,HGNC:4953,Humans,DB05121; DB11294
2416,"HLA class II histocompatibility antigen, DRB1-1 beta chain",HLA-DRB1,,M11161,P04229,2B11_HUMAN,1AQD; 1DLH; 1FYT; 1HXY; 1JWM; 1JWS; 1JWU; 1KG0; 1KLG; 1KLU; 1LO5; 1PYW; 1R5I; 1SEB; 1SJE; 1SJH; 1T5W; 1T5X; 2FSE; 2G9H; 2IAM; 2IAN; 2ICW; 2IPK; 2OJE; 2XN9; 3L6F; 3PDO; 3PGC; 3PGD; 3QXA; 3QXD; 3S4S; 3S5L; 4AEN; 4AH2; 4C56; 4E41; 4FQX; 4GBX; 4I5B; 4OV5,,HLA-DRB1,HGNC:4948,Humans,DB05121; DB11294
9913,"HLA class II histocompatibility antigen, DRB1-10 beta chain",HLA-DRB1,,,Q30167,2B1A_HUMAN,,,,HGNC:4948,Humans,DB05121; DB11294
9910,"HLA class II histocompatibility antigen, DRB1-11 beta chain",HLA-DRB1,,,P20039,2B1B_HUMAN,6CPL; 6CPN; 6CQL; 6CQN,,,HGNC:4948,Humans,DB05121; DB11294
9886,"HLA class II histocompatibility antigen, DRB1-12 beta chain",HLA-DRB1,,,Q95IE3,2B1C_HUMAN,,,,HGNC:4948,Humans,DB05121; DB11294
9883,"HLA class II histocompatibility antigen, DRB1-13 beta chain",HLA-DRB1,,,Q5Y7A7,2B1D_HUMAN,,,,HGNC:4948,Humans,DB05121; DB11294
9880,"HLA class II histocompatibility antigen, DRB1-14 beta chain",HLA-DRB1,,,Q9GIY3,2B1E_HUMAN,,,,HGNC:4948,Humans,DB05121; DB11294
9904,"HLA class II histocompatibility antigen, DRB1-15 beta chain",HLA-DRB1,,,P01911,2B1F_HUMAN,1BX2; 1YMM; 2WBJ; 6CPO; 6CQQ,,,HGNC:4948,Humans,DB05121; DB11294
9925,"HLA class II histocompatibility antigen, DRB1-16 beta chain",HLA-DRB1,,,Q29974,2B1G_HUMAN,,,,HGNC:4948,Humans,DB05121; DB11294
9898,"HLA class II histocompatibility antigen, DRB1-3 chain",HLA-DRB1,,,P01912,2B13_HUMAN,1A6A,,,HGNC:4948,Humans,DB05121; DB11294
9895,"HLA class II histocompatibility antigen, DRB1-4 beta chain",HLA-DRB1,,,P13760,2B14_HUMAN,1D5M; 1D5X; 1D5Z; 1D6E; 1J8H; 2SEB; 3O6F; 3T0E; 4IS6; 4MCY; 4MCZ; 4MD0; 4MD4; 4MD5; 4MDI; 4MDJ; 4Y19; 4Y1A; 5JLZ; 5LAX; 5NI9; 5NIG; 6BIJ; 6BIL; 6BIN; 6BIR; 6BIV; 6BIX; 6BIY; 6BIZ,,,HGNC:4948,Humans,DB05121; DB11294
9892,"HLA class II histocompatibility antigen, DRB1-7 beta chain",HLA-DRB1,,,P13761,2B17_HUMAN,,,,HGNC:4948,Humans,DB05121; DB11294
9901,"HLA class II histocompatibility antigen, DRB1-8 beta chain",HLA-DRB1,,,Q30134,2B18_HUMAN,,,,HGNC:4948,Humans,DB05121; DB11294
9907,"HLA class II histocompatibility antigen, DRB1-9 beta chain",HLA-DRB1,,,Q9TQE0,2B19_HUMAN,,,,HGNC:4948,Humans,DB05121; DB11294
433,Glycine receptor subunit alpha-1,GLRA1,31851,X52009,P23415,GLRA1_HUMAN,1MOT; 1VRY; 2M6B; 2M6I; 4X5T,,GLRA1,HGNC:4326,Humans,DB14009
55,Glycine receptor subunit beta,GLRB,992687,U33267,P48167,GLRB_HUMAN,"",,GLRB,HGNC:4329,Humans,DB14009
141,Sodium channel protein type 1 subunit alpha,SCN1A,12642270,AF225985,P35498,SCN1A_HUMAN,"",,SCN1A,HGNC:10585,Humans,DB13961
177,Sodium channel protein type 10 subunit alpha,SCN10A,4838145,AF117907,Q9Y5Y9,SCNAA_HUMAN,"",,SCN10A,HGNC:10582,Humans,DB13961
192,Sodium channel protein type 11 subunit alpha,SCN11A,6572950,AF188679,Q9UI33,SCNBA_HUMAN,"",,SCN11A,HGNC:10583,Humans,DB13961
2081,Sodium channel protein type 2 subunit alpha,SCN2A,457879,M94055,Q99250,SCN2A_HUMAN,2KAV; 4JPZ,,SCN2A,HGNC:10588,Humans,DB13961
2082,Sodium channel protein type 3 subunit alpha,SCN3A,7414320,AJ251507,Q9NY46,SCN3A_HUMAN,"",,SCN3A,HGNC:10590,Humans,DB13961
2083,Sodium channel protein type 4 subunit alpha,SCN4A,338213,M81758,P35499,SCN4A_HUMAN,"",,SCN4A,HGNC:10591,Humans,DB13961
197,Sodium channel protein type 5 subunit alpha,SCN5A,184039,M77235,Q14524,SCN5A_HUMAN,2KBI; 2L53; 4DCK; 4DJC; 4JQ0; 4OVN,,SCN5A,HGNC:10593,Humans,DB13961
4833,Sodium channel protein type 7 subunit alpha,SCN7A,,,Q01118,SCN7A_HUMAN,,,,HGNC:10594,Humans,DB13961
2084,Sodium channel protein type 8 subunit alpha,SCN8A,4321647,AF050736,Q9UQD0,SCN8A_HUMAN,"",,SCN8A,HGNC:10596,Humans,DB13961
1143,Sodium channel protein type 9 subunit alpha,SCN9A,758110,X82835,Q15858,SCN9A_HUMAN,"",,SCN9A,HGNC:10597,Humans,DB13961
3635,Sodium channel subunit beta-1,SCN1B,307415,L10338,Q07699,SCN1B_HUMAN,"",,,HGNC:10586,Humans,DB13961
3636,Sodium channel subunit beta-2,SCN2B,3309111,AF007783,O60939,SCN2B_HUMAN,"",,,HGNC:10589,Humans,DB13961
3637,Sodium channel subunit beta-3,SCN3B,7160975,AJ243396,Q9NY72,SCN3B_HUMAN,4L1D,,,HGNC:20665,Humans,DB13961
3638,Sodium channel subunit beta-4,SCN4B,27465047,AY149967,Q8IWT1,SCN4B_HUMAN,4MZ2; 4MZ3,,,HGNC:10592,Humans,DB13961
2387,Nuclear factor NF-kappa-B p100 subunit,NFKB2,,X61498,Q00653,NFKB2_HUMAN,1A3Q; 2D96; 3DO7; 4OT9,,NFKB2,HGNC:7795,Humans,DB13961
1086,Nuclear factor NF-kappa-B p105 subunit,NFKB1,189180,M55643,P19838,NFKB1_HUMAN,1MDI; 1MDJ; 1MDK; 1NFI; 1SVC; 2DBF; 2O61; 3GUT,,NFKB1,HGNC:7794,Humans,DB13961
5387,ADP-ribosyl cyclase/cyclic ADP-ribose hydrolase 1,CD38,,,P28907,CD38_HUMAN,1YH3; 1ZVM; 2EF1; 2HCT; 2I65; 2I66; 2I67; 2O3Q; 2O3R; 2O3S; 2O3T; 2O3U; 2PGJ; 2PGL; 3DZF; 3DZG; 3DZH; 3DZI; 3DZJ; 3DZK; 3F6Y; 3I9M; 3I9N; 3OFS; 3RAJ; 3ROK; 3ROM; 3ROP; 3ROQ; 3U4H; 3U4I; 4CMH; 4F45; 4F46; 4OGW; 4TMF; 4XJS; 4XJT,,,HGNC:1667,Humans,DB09331; DB14811
5468,Sterol regulatory element-binding protein 1,SREBF1,,,P36956,SRBP1_HUMAN,1AM9,,,HGNC:11289,Humans,DB13961
5849,G-protein coupled receptor 55,GPR55,,,Q9Y2T6,GPR55_HUMAN,"",,,HGNC:4511,Humans,DB14009
5907,Interleukin-17A,IL17A,,,Q16552,IL17_HUMAN,2VXS; 4HR9; 4HSA; 4QHU,,,HGNC:5981,Humans,DB09029; DB11569
8753,Proprotein convertase subtilisin/kexin type 9,PCSK9,,,Q8NBP7,PCSK9_HUMAN,2P4E; 2PMW; 2QTW; 2W2M; 2W2N; 2W2O; 2W2P; 2W2Q; 2XTJ; 3BPS; 3GCW; 3GCX; 3H42; 3M0C; 3P5B; 3P5C; 3SQO; 4K8R; 4NE9; 4NMX; 4OV6,,,HGNC:20001,Humans,DB09302
8760,Sphingosine 1-phosphate receptor 1,S1PR1,,,P21453,S1PR1_HUMAN,3V2W; 3V2Y,,,HGNC:3165,Humans,DB09105
981,Interleukin-12 subunit beta,IL12B,180626,M65272,P29460,IL12B_HUMAN,1F42; 1F45; 3D85; 3D87; 3DUH; 3HMX; 3QWR; 4GRW; 4OE8; 4OG9,,IL12B,HGNC:5970,Humans,DB05679; DB14004; DB14762
3415,Interleukin-23 subunit alpha,IL23A,,AF301620,Q9NPF7,IL23A_HUMAN,3D85; 3D87; 3DUH; 3QWR; 4GRW; 4OE8; 4OG9,,IL23A,HGNC:15488,Humans,DB05679; DB14004; DB14762
5569,Toxin B,toxB,,,P18177,TOXB_PEPDI,2BVL; 2BVM; 4NC2; 4NP4,,,,Peptoclostridium difficile,DB13140
8876,Diacylglycerol O-acyltransferase 2,DGAT2,,,Q96PD7,DGAT2_HUMAN,"",,,HGNC:16940,Humans,DB13961
8893,Alpha-actinin-1,ACTN1,,,P12814,ACTN1_HUMAN,2EYI; 2EYN; 2N8Y; 2N8Z,,,HGNC:163,Humans,DB06773
8911,Proteinase-activated receptor 4,F2RL3,,,Q96RI0,PAR4_HUMAN,2ZPK; 3QDZ,,,HGNC:3540,Humans,DB11300
8934,Calcitonin gene-related peptide type 1 receptor,CALCRL,,,Q16602,CALRL_HUMAN,3AQF; 3N7P; 3N7R; 3N7S; 4RWF; 4RWG,,,HGNC:16709,Humans,DB14039
9000,Coagulation factor XIII B chain,F13B,,,P05160,F13B_HUMAN,"",,,HGNC:3534,Humans,DB09310; DB11300; DB11571
9144,Survival motor neuron protein,SMN2,,,B4DP61,B4DP61_HUMAN,"",,,HGNC:11117,Humans,DB13161
9161,Retinoid isomerohydrolase,RPE65,,,Q16518,RPE65_HUMAN,"",,,HGNC:10294,Humans,DB13932
9162,G-protein coupled receptor 12,GPR12,,,P47775,GPR12_HUMAN,"",,,HGNC:4466,Humans,DB14009
9163,Arylalkylamine N-acetyltransferase,AANAT,,,F1T0I5,F1T0I5_HUMAN,"",,,,Humans,DB14009
9165,N-acylethanolamine-hydrolyzing acid amidase,NAAA,,,Q02083,NAAA_HUMAN,"",,,HGNC:736,Humans,DB14009
9166,N-acyl-phosphatidylethanolamine-hydrolyzing phospholipase D,NAPEPLD,,,Q6IQ20,NAPEP_HUMAN,4QN9,,,HGNC:21683,Humans,DB14009
9167,Transient receptor potential cation channel subfamily V member 2,TRPV2,,,Q9Y5S1,TRPV2_HUMAN,2F37,,,HGNC:18082,Humans,DB14009
9168,Transient receptor potential cation channel subfamily V member 4,TRPV4,,,Q9HBA0,TRPV4_HUMAN,4DX1; 4DX2,,,HGNC:18083,Humans,DB14009
9282,Bone morphogenetic protein receptor type-1A,BMPR1A,,,P36894,BMR1A_HUMAN,1ES7; 1REW; 2GOO; 2H62; 2H64; 2K3G; 2QJ9; 2QJA; 2QJB; 3NH7; 3QB4,,,HGNC:1076,Humans,DB11639
9292,Bone morphogenetic protein receptor type-2,BMPR2,,,Q13873,BMPR2_HUMAN,2HLQ; 3G2F,,,HGNC:1078,Humans,DB11639
9294,30 kDa immediate-early protein 2,UL122,,,P06434,VIE3_HCMVT,"",,,,Human cytomegalovirus (strain Towne),DB06759
9295,45 kDa immediate-early protein 2,UL122,,,P06435,IE247_HCMVT,"",,,,Human cytomegalovirus (strain Towne),DB06759
9308,Fibroblast growth factor 23,FGF23,,,Q7Z4T2,Q7Z4T2_HUMAN,"",,,,Humans,DB14012
9313,Botulinum neurotoxin type C1,,,,P18640,BXC1_CLOBO,2QN0; 3DEB; 3N7K; 3R4S; 3R4U,,,,Clostridium botulinum,DB13898
9314,Botulinum neurotoxin type D,botD,,,P19321,BXD_CLOBO,2FPQ; 3N7J; 3OBR; 3OBT; 3OGG; 3RMX; 3RMY; 5BQM; 5BQN,,,,Clostridium botulinum,DB13902
9315,Botulinum neurotoxin type E,,,,Q00496,BXE_CLOBO,1T3A; 1T3C; 1ZKW; 1ZKX; 1ZL5; 1ZL6; 1ZN3; 3FFZ,,,,Clostridium botulinum,DB13897
9316,Botulinum neurotoxin type F,botF,,,P30996,BXF_CLOBO,2A8A; 2A97; 3FIE; 3FII,,,,Clostridium botulinum,DB13901
9317,Botulinum neurotoxin type G,botG,,,Q60393,BXG_CLOBO,1ZB7; 2VXR; 3MPP,,,,Clostridium botulinum,DB13899
9521,ADP-ribosylation factor-like protein 2,ARL2,,,P36404,ARL2_HUMAN,3DOE; 3DOF,,,HGNC:693,Humans,DB14731
9557,Sclerostin,SOST,,,Q9BQB4,SOST_HUMAN,2K8P; 3SOV,,,HGNC:13771,Humans,DB11866
9598,B-cell antigen receptor complex-associated protein beta chain,CD79B,,,P40259,CD79B_HUMAN,3KG5,,,HGNC:1699,Humans,DB12240
430,Voltage-dependent L-type calcium channel subunit alpha-1C,CACNA1C,"",M92270,Q13936,CAC1C_HUMAN,1T0J; 2BE6; 2F3Y; 2F3Z; 2LQC; 3G43; 3OXQ,,CACNA1C,HGNC:1390,Humans,DB13961
2359,Voltage-dependent L-type calcium channel subunit alpha-1D,CACNA1D,179764,M76558,Q01668,CAC1D_HUMAN,3LV3,,CACNA1D,HGNC:1391,Humans,DB13961
2357,Voltage-dependent L-type calcium channel subunit alpha-1F,CACNA1F,3183953,AJ006216,O60840,CAC1F_HUMAN,"",,CACNA1F,HGNC:1393,Humans,DB13961
2355,Voltage-dependent L-type calcium channel subunit alpha-1S,CACNA1S,1698403,U30707,Q13698,CAC1S_HUMAN,2VAY,,CACNA1S,HGNC:1397,Humans,DB13961
303,Voltage-dependent L-type calcium channel subunit beta-1,CACNB1,179806,M92303,Q02641,CACB1_HUMAN,"",,CACNB1,HGNC:1401,Humans,DB13961
2354,Voltage-dependent L-type calcium channel subunit beta-2,CACNB2,300417,S60415,Q08289,CACB2_HUMAN,"",,CACNB2,HGNC:1402,Humans,DB13961
2358,Voltage-dependent L-type calcium channel subunit beta-3,CACNB3,435135,X76555,P54284,CACB3_HUMAN,"",,CACNB3,HGNC:1403,Humans,DB13961
2356,Voltage-dependent L-type calcium channel subunit beta-4,CACNB4,2058727,U95020,O00305,CACB4_HUMAN,1VYV; 2D46,,CACNB4,HGNC:1404,Humans,DB13961
9839,Glycoprotein,G,,,P08667,GLYCO_RABVP,,,,,Rabies virus (strain Pasteur vaccins / PV),DB11603
9836,Large structural protein,L,,,P11213,L_RABVP,,,,,Rabies virus (strain Pasteur vaccins / PV),DB11603
9842,Matrix protein,M,,,P08671,MATRX_RABVP,,,,,Rabies virus (strain Pasteur vaccins / PV),DB11603
9833,Nucleoprotein,N,,,P06025,NCAP_RABVP,,,,,Rabies virus (strain Pasteur vaccins / PV),DB11603
9830,Phosphoprotein,P,,,P06747,PHOSP_RABVP,3OA1,,,,Rabies virus (strain Pasteur vaccins / PV),DB11603
9937,C-C chemokine receptor type 4,CCR4,,,P51679,CCR4_HUMAN,,,,HGNC:1605,Humans,DB12498
9951,Dystrophin,DMD,,,P11532,DMD_HUMAN,1DXX; 1EG3; 1EG4; 3UUN,,,HGNC:2928,Humans,DB15593
9960,Nectin-4,NECTIN4,,,Q96NY8,NECT4_HUMAN,4FRW; 4GJT; 4JJH,,,HGNC:19688,Humans,DB13007
10272,Tumor-associated calcium signal transducer 2,TACSTD2,,,P09758,TACD2_HUMAN,2MAE; 2MVK; 2MVL,,,HGNC:11530,Humans,DB12893
10385,Integrin alpha-X,ITGAX,,,P20702,ITAX_HUMAN,1N3Y; 2LUV; 3K6S; 3K71; 3K72; 4NEH; 4NEN; 5ES4,,,HGNC:6152,Humans,DB00095
2094,Complement C1q subcomponent subunit A,C1QA,4894854,AF135157,P02745,C1QA_HUMAN,1PK6; 2JG8; 2JG9; 2WNU; 2WNV,,C1QA,HGNC:1241,Humans,DB00005
2095,Complement C1q subcomponent subunit B,C1QB,573114,X03084,P02746,C1QB_HUMAN,1PK6; 2JG8; 2JG9; 2WNU; 2WNV,,C1QB,HGNC:1242,Humans,DB00005
2096,Complement C1q subcomponent subunit C,C1QC,33150626,AF087892,P02747,C1QC_HUMAN,1PK6; 2JG8; 2JG9; 2WNU; 2WNV,,C1QC,HGNC:1245,Humans,DB00005
